site,country,largest_distance,best months for XC,num of all flights,num of 200k flights,num of 100k flights,num of 50k flights,num of 20k flights,XContest days per month,Xconotest days per year,link to XContest,longitude,latitude
"Embergeralm,...",Austria,375.3 km,Jul Apr May Jun,25191,187,2393,8344,16834,Aug:27 Jul:26 May:23 Jun:22 Apr:14 Sep:13 Mar:7 Oct:4 Feb:1 Nov:1 Dec:1 Jan:1,129,https://www.xcontest.org/world/en/flights-search/?filter[point]=13.1495%2046.7725&list[sort]=pts&list[dir]=down&filter[radius]=1000&list[num]=100,13.1495,46.7725
Bischling,Austria,361.8 km,Aug Jun Jul May,10316,18,350,1306,3689,Aug:20 Jul:16 Mar:14 Sep:12 Jun:11 Feb:10 Oct:7 May:7 Jan:6 Apr:5 Dec:4 Nov:1,97,https://www.xcontest.org/world/en/flights-search/?filter[point]=13.29273%2047.46478&list[sort]=pts&list[dir]=down&filter[radius]=1000&list[num]=100,13.29273,47.46478
Schöckl,Austria,280.98 km,Apr Jun May Jul Aug,9678,22,491,1235,2995,Aug:20 Jun:17 Jul:15 Sep:14 May:14 Apr:11 Oct:11 Mar:10 Feb:6 Dec:5 Nov:5 Jan:5,122,https://www.xcontest.org/world/en/flights-search/?filter[point]=15.47583%2047.20123&list[sort]=pts&list[dir]=down&filter[radius]=1000&list[num]=100,15.47583,47.20123
Schöckl bei...,Austria,332.17 km,Apr,9670,22,491,1229,2988,Aug:20 Jun:17 Jul:15 Sep:14 May:14 Apr:11 Oct:11 Mar:10 Feb:6 Dec:5 Nov:5 Jan:5,121,https://www.xcontest.org/world/en/flights-search/?filter[point]=15.4764%2047.1992&list[sort]=pts&list[dir]=down&filter[radius]=1000&list[num]=100,15.4764,47.1992
Kössen,Austria,323.91 km,Jun May Jul,8022,52,354,940,2144,Aug:15 Jul:15 Jun:13 May:10 Sep:8 Mar:7 Oct:3 Apr:3 Feb:2 Jan:1 Dec:0 Nov:0,73,https://www.xcontest.org/world/en/flights-search/?filter[point]=12.43117%2047.63123&list[sort]=pts&list[dir]=down&filter[radius]=1000&list[num]=100,12.43117,47.63123
"Kössen, Sch...",Austria,286.1 km,Jul Jun Aug Apr May,8017,52,354,939,2142,Aug:15 Jul:15 Jun:13 May:10 Sep:8 Mar:7 Oct:3 Apr:3 Feb:2 Jan:1 Dec:0 Nov:0,72,https://www.xcontest.org/world/en/flights-search/?filter[point]=12.4317%2047.6319&list[sort]=pts&list[dir]=down&filter[radius]=1000&list[num]=100,12.4317,47.6319
Hohe Wand,Austria,219.15 km,Apr Jul Aug Jun,7750,2,52,217,2215,Aug:15 Apr:10 Sep:10 Jun:10 Jul:9 May:9 Mar:9 Oct:9 Nov:5 Feb:4 Jan:4 Dec:3,90,https://www.xcontest.org/world/en/flights-search/?filter[point]=16.0484%2047.8284&list[sort]=pts&list[dir]=down&filter[radius]=1000&list[num]=100,16.0484,47.8284
Emberger Alm,Austria,267.72 km,May Apr Jun,6247,26,540,2197,4487,Aug:20 Jul:17 Jun:14 May:10 Sep:6 Apr:4 Oct:2 Mar:2 Dec:1 Nov:0 Feb:0,72,https://www.xcontest.org/world/en/flights-search/?filter[point]=13.148%2046.7851&list[sort]=pts&list[dir]=down&filter[radius]=1000&list[num]=100,13.148,46.7851
Bezau,Austria,188.52 km,Apr May Jun,5507,0,59,358,1332,Aug:16 Jul:13 May:13 Jun:13 Apr:9 Sep:7 Mar:7 Oct:5 Feb:3 Jan:3 Dec:2 Nov:2,87,https://www.xcontest.org/world/en/flights-search/?filter[point]=9.94507%2047.39902&list[sort]=pts&list[dir]=down&filter[radius]=1000&list[num]=100,9.94507,47.39902
Radsberg,Austria,162.61 km,Apr May,3578,0,39,283,1173,May:12 Jun:12 Apr:11 Jul:10 Aug:10 Mar:10 Sep:5 Feb:3 Oct:3 Nov:1 Jan:1 Dec:1,75,https://www.xcontest.org/world/en/flights-search/?filter[point]=14.402967%2046.572617&list[sort]=pts&list[dir]=down&filter[radius]=1000&list[num]=100,14.402967,46.572617
Kulm,Austria,248.39 km,Apr,3253,1,23,113,569,Aug:13 Jul:12 May:10 Mar:10 Jun:9 Apr:9 Sep:6 Oct:5 Feb:4 Nov:2 Jan:2 Dec:1,76,https://www.xcontest.org/world/en/flights-search/?filter[point]=15.76197%2047.22808&list[sort]=pts&list[dir]=down&filter[radius]=1000&list[num]=100,15.76197,47.22808
Gaisberg,Austria,260.9 km,Apr May Jun Jul,3194,7,127,486,1157,Jul:13 Jun:12 May:12 Apr:11 Sep:9 Mar:9 Aug:6 Oct:5 Dec:3 Nov:2 Feb:2 Jan:0,77,https://www.xcontest.org/world/en/flights-search/?filter[point]=13.11428%2047.80515&list[sort]=pts&list[dir]=down&filter[radius]=1000&list[num]=100,13.11428,47.80515
Stoderzinken,Austria,370.6 km,Jun Aug May Apr,3029,205,763,1398,2094,Aug:10 Jul:8 May:7 Jun:7 Sep:6 Mar:6 Oct:5 Apr:5 Jan:2 Feb:2 Nov:2 Dec:1,57,https://www.xcontest.org/world/en/flights-search/?filter[point]=13.82738%2047.45875&list[sort]=pts&list[dir]=down&filter[radius]=1000&list[num]=100,13.82738,47.45875
Elfer,Austria,310.81 km,May Jun Jul Aug Mar Apr,2981,2,6,22,291,Jul:14 Jun:12 Aug:10 Sep:8 Mar:7 May:6 Oct:6 Feb:3 Apr:2 Jan:2 Dec:0,66,https://www.xcontest.org/world/en/flights-search/?filter[point]=11.323117%2047.0968&list[sort]=pts&list[dir]=down&filter[radius]=1000&list[num]=100,11.323117,47.0968
Gelderkogel,Austria,157.37 km,Apr Mar May Jun Jul Aug,2931,0,13,73,320,Aug:12 Mar:8 May:7 Jun:7 Apr:7 Jul:6 Oct:6 Sep:5 Feb:3 Nov:3 Jan:2 Dec:2,64,https://www.xcontest.org/world/en/flights-search/?filter[point]=15.4813%2047.30167&list[sort]=pts&list[dir]=down&filter[radius]=1000&list[num]=100,15.4813,47.30167
Schmittenhöhe,Austria,302.72 km,Jun May Jul Apr,2889,9,385,1156,2128,Aug:10 Jun:8 Jul:8 Sep:5 May:5 Mar:4 Apr:3 Oct:1 Dec:1 Feb:0 Jan:0 Nov:0,43,https://www.xcontest.org/world/en/flights-search/?filter[point]=12.7365%2047.32928&list[sort]=pts&list[dir]=down&filter[radius]=1000&list[num]=100,12.7365,47.32928
Hensler,Austria,267.19 km,May Apr,2881,3,69,375,1110,Apr:11 Mar:9 May:9 Jun:9 Aug:8 Jul:7 Sep:6 Feb:5 Oct:5 Dec:4 Jan:2 Nov:2,73,https://www.xcontest.org/world/en/flights-search/?filter[point]=9.7391%2047.22813&list[sort]=pts&list[dir]=down&filter[radius]=1000&list[num]=100,9.7391,47.22813
Zell Am See,Austria,304.03 km,Jun,2880,9,383,1155,2121,Aug:10 Jun:8 Jul:8 Sep:5 May:5 Mar:4 Apr:3 Oct:1 Dec:1 Feb:0 Jan:0 Nov:0,43,https://www.xcontest.org/world/en/flights-search/?filter[point]=12.7358%2047.3241&list[sort]=pts&list[dir]=down&filter[radius]=1000&list[num]=100,12.7358,47.3241
Gerlitzen,Austria,157.29 km,Jul Jun Aug Mar May Apr Sep,2712,0,17,113,475,Aug:18 Jul:17 Jun:13 Sep:9 Mar:6 May:4 Feb:4 Oct:3 Apr:3 Dec:2 Jan:2,76,https://www.xcontest.org/world/en/flights-search/?filter[point]=13.915%2046.6842&list[sort]=pts&list[dir]=down&filter[radius]=1000&list[num]=100,13.915,46.6842
Burg Altpern...,Austria,210.44 km,Apr,2628,1,77,324,718,May:12 Jul:11 Jun:11 Apr:11 Aug:10 Sep:9 Mar:8 Oct:6 Feb:4 Nov:3 Dec:3 Jan:1,83,https://www.xcontest.org/world/en/flights-search/?filter[point]=14.1628%2047.885&list[sort]=pts&list[dir]=down&filter[radius]=1000&list[num]=100,14.1628,47.885
Hirschwaldstein,Austria,175.59 km,May Apr,2627,1,77,324,718,May:12 Jul:11 Jun:11 Apr:11 Aug:10 Sep:9 Mar:8 Oct:6 Feb:4 Nov:3 Dec:3 Jan:1,83,https://www.xcontest.org/world/en/flights-search/?filter[point]=14.16398%2047.88628&list[sort]=pts&list[dir]=down&filter[radius]=1000&list[num]=100,14.16398,47.88628
Neunerköpfle,Austria,221.48 km,Jun Jul May Aug Apr Mar Sep,2533,2,16,61,322,Aug:5 Jul:4 Jun:4 Sep:4 May:3 Mar:3 Oct:1 Jan:1 Feb:0 Apr:0 Dec:0 Nov:0,25,https://www.xcontest.org/world/en/flights-search/?filter[point]=10.54112%2047.48415&list[sort]=pts&list[dir]=down&filter[radius]=1000&list[num]=100,10.54112,47.48415
Zwölferhorn,Austria,184.32 km,Apr Jun Jul May Aug,2315,0,26,116,393,Aug:15 Jun:14 Jul:14 May:11 Apr:10 Sep:9 Oct:6 Mar:6 Dec:3 Feb:2 Nov:2 Jan:2,88,https://www.xcontest.org/world/en/flights-search/?filter[point]=13.35927%2047.744&list[sort]=pts&list[dir]=down&filter[radius]=1000&list[num]=100,13.35927,47.744
Feuerkogel,Austria,264.4 km,Jun May Jul Aug,2107,7,68,233,830,Jul:11 Jun:11 Aug:10 Sep:7 May:6 Mar:5 Oct:4 Feb:1 Apr:0 Jan:0 Nov:0 Dec:0,53,https://www.xcontest.org/world/en/flights-search/?filter[point]=13.72598%2047.81065&list[sort]=pts&list[dir]=down&filter[radius]=1000&list[num]=100,13.72598,47.81065
Hohe Salve,Austria,212.32 km,Jun,1998,3,72,239,724,Aug:8 Jul:7 Mar:7 Jun:6 Sep:4 Feb:4 May:3 Oct:3 Apr:2 Jan:2 Dec:1 Nov:0,46,https://www.xcontest.org/world/en/flights-search/?filter[point]=12.20288%2047.46532&list[sort]=pts&list[dir]=down&filter[radius]=1000&list[num]=100,12.20288,47.46532
Rührer,Austria,132.41 km,Apr Jul Mar,1863,0,8,84,383,Aug:10 Mar:8 Apr:8 Sep:7 Jul:7 Jun:7 May:6 Feb:6 Oct:6 Jan:2 Dec:2 Nov:2,68,https://www.xcontest.org/world/en/flights-search/?filter[point]=15.31933%2047.5042&list[sort]=pts&list[dir]=down&filter[radius]=1000&list[num]=100,15.31933,47.5042
Sillian,Austria,212.07 km,Apr,1704,5,184,504,981,Mar:6 Aug:6 Jun:4 Apr:3 Jul:3 May:2 Feb:1 Jan:1 Sep:1 Dec:1 Oct:0 Nov:0,28,https://www.xcontest.org/world/en/flights-search/?filter[point]=12.38902%2046.77065&list[sort]=pts&list[dir]=down&filter[radius]=1000&list[num]=100,12.38902,46.77065
Wildkogel,Austria,200.16 km,Apr,1639,1,164,538,884,Aug:7 Jul:5 Sep:3 Mar:3 Apr:3 Jun:2 Feb:1 May:1 Jan:0 Oct:0 Dec:0,26,https://www.xcontest.org/world/en/flights-search/?filter[point]=12.29188%2047.28165&list[sort]=pts&list[dir]=down&filter[radius]=1000&list[num]=100,12.29188,47.28165
Zillertal,Austria,325.76 km,May Jun,1620,36,148,311,800,Jul:10 Aug:7 Jun:6 May:5 Sep:3 Oct:2 Apr:0 Nov:0 Dec:0,32,https://www.xcontest.org/world/en/flights-search/?filter[point]=11.824767%2047.219083&list[sort]=pts&list[dir]=down&filter[radius]=1000&list[num]=100,11.824767,47.219083
Hoehenstrass...,Austria,286.83 km,Apr Jun,1619,36,148,311,799,Jul:10 Aug:7 Jun:6 May:5 Sep:3 Oct:2 Apr:0 Nov:0 Dec:0,32,https://www.xcontest.org/world/en/flights-search/?filter[point]=11.8254%2047.2188&list[sort]=pts&list[dir]=down&filter[radius]=1000&list[num]=100,11.8254,47.2188
Fulseck,Austria,327.73 km,Aug Jul Jun May Sep Apr Mar,1616,2,23,123,549,Aug:11 Jul:7 Mar:6 Jun:5 Sep:5 Oct:4 Feb:3 Apr:2 Dec:2 Jan:2 May:1 Nov:0,49,https://www.xcontest.org/world/en/flights-search/?filter[point]=13.1473%2047.23528&list[sort]=pts&list[dir]=down&filter[radius]=1000&list[num]=100,13.1473,47.23528
Goding,Austria,81.56 km,Apr,1616,0,0,68,471,Aug:10 Jun:8 Mar:8 Jul:8 May:7 Apr:7 Sep:5 Oct:4 Feb:4 Dec:3 Nov:2 Jan:2,65,https://www.xcontest.org/world/en/flights-search/?filter[point]=14.91667%2046.77843&list[sort]=pts&list[dir]=down&filter[radius]=1000&list[num]=100,14.91667,46.77843
Choralpe,Austria,173.55 km,May Jun Aug Jul,1609,0,12,117,429,Jul:9 Aug:8 Jun:5 Mar:4 May:3 Sep:3 Feb:2 Oct:1 Dec:1 Jan:1 Apr:0,35,https://www.xcontest.org/world/en/flights-search/?filter[point]=12.24475%2047.41995&list[sort]=pts&list[dir]=down&filter[radius]=1000&list[num]=100,12.24475,47.41995
Landeck,Austria,209.66 km,Jul Jun,1558,6,158,387,621,Jul:6 Aug:6 Jun:4 Mar:4 Sep:3 May:1 Feb:1 Oct:0 Jan:0 Dec:0 Nov:0 Apr:0,28,https://www.xcontest.org/world/en/flights-search/?filter[point]=10.63075%2047.1461&list[sort]=pts&list[dir]=down&filter[radius]=1000&list[num]=100,10.63075,47.1461
Zettersfeld,Austria,245.89 km,Aug Apr Jul Mar,1553,1,49,246,663,Aug:13 Jul:9 Sep:8 Mar:7 Jun:4 Jan:3 Feb:3 Dec:2 Apr:1 Oct:1 Nov:0 May:0,49,https://www.xcontest.org/world/en/flights-search/?filter[point]=12.78835%2046.87475&list[sort]=pts&list[dir]=down&filter[radius]=1000&list[num]=100,12.78835,46.87475
Seegrube,Austria,331.93 km,May Apr Jun Jul,1506,18,270,722,1114,May:5 Apr:5 Jul:5 Jun:5 Mar:4 Aug:3 Sep:3 Oct:3 Feb:1 Jan:1 Nov:1 Dec:0,35,https://www.xcontest.org/world/en/flights-search/?filter[point]=11.37732%2047.30505&list[sort]=pts&list[dir]=down&filter[radius]=1000&list[num]=100,11.37732,47.30505
Muckenkogel,Austria,123.49 km,May Jun Jul Apr Aug,1478,0,2,24,161,Jul:10 Aug:9 Jun:8 Sep:8 May:6 Apr:6 Mar:4 Oct:4 Nov:2 Dec:1 Feb:1,55,https://www.xcontest.org/world/en/flights-search/?filter[point]=15.6084%2047.97832&list[sort]=pts&list[dir]=down&filter[radius]=1000&list[num]=100,15.6084,47.97832
Grünberg,Austria,136.77 km,Jul May Jun,1462,0,3,24,170,Jul:7 Jun:5 Apr:5 Aug:4 Sep:4 May:4 Dec:3 Mar:3 Oct:2 Feb:2 Jan:2 Nov:2,41,https://www.xcontest.org/world/en/flights-search/?filter[point]=13.81797%2047.89843&list[sort]=pts&list[dir]=down&filter[radius]=1000&list[num]=100,13.81797,47.89843
Venet,Austria,240.18 km,Aug Jun Jul,1426,6,153,371,584,Jul:6 Aug:6 Jun:4 Mar:4 Sep:3 May:1 Feb:1 Oct:0 Jan:0 Dec:0 Nov:0 Apr:0,28,https://www.xcontest.org/world/en/flights-search/?filter[point]=10.6232%2047.1421&list[sort]=pts&list[dir]=down&filter[radius]=1000&list[num]=100,10.6232,47.1421
Goldeck,Austria,291.29 km,Jun Jul Aug,1424,15,48,125,301,Aug:14 Jul:13 Jun:12 Sep:8 Jan:2 Dec:2 Oct:1 Mar:1 May:1 Apr:0 Feb:0 Nov:0,54,https://www.xcontest.org/world/en/flights-search/?filter[point]=13.46356%2046.756718&list[sort]=pts&list[dir]=down&filter[radius]=1000&list[num]=100,13.46356,46.756718
Stubnerkogel,Austria,260.48 km,Jun,1407,53,308,509,899,Jun:7 Aug:6 Mar:6 Jul:5 Sep:3 Dec:3 Apr:2 Feb:2 May:2 Jan:2 Oct:1 Nov:0,39,https://www.xcontest.org/world/en/flights-search/?filter[point]=13.09988%2047.1138&list[sort]=pts&list[dir]=down&filter[radius]=1000&list[num]=100,13.09988,47.1138
Polster,Austria,180.49 km,Jun Jul Aug,1400,0,19,65,279,Aug:7 Jul:6 Jun:5 Sep:5 Oct:4 Mar:4 Feb:2 May:2 Jan:2 Dec:2 Nov:1 Apr:0,41,https://www.xcontest.org/world/en/flights-search/?filter[point]=14.9563%2047.5343&list[sort]=pts&list[dir]=down&filter[radius]=1000&list[num]=100,14.9563,47.5343
Golzentipp,Austria,175.52 km,Apr,1253,0,25,121,447,Aug:9 Jul:8 Apr:4 Jun:3 Sep:3 Mar:1 May:1 Feb:0 Nov:0 Oct:0,29,https://www.xcontest.org/world/en/flights-search/?filter[point]=12.62557%2046.71875&list[sort]=pts&list[dir]=down&filter[radius]=1000&list[num]=100,12.62557,46.71875
Kronbauer,Austria,85.24 km,Apr May,1197,0,0,11,78,May:6 Jun:6 Apr:5 Jul:4 Aug:3 Sep:3 Mar:3 Feb:1 Oct:1 Nov:0 Dec:0 Jan:0,32,https://www.xcontest.org/world/en/flights-search/?filter[point]=14.0768%2047.89955&list[sort]=pts&list[dir]=down&filter[radius]=1000&list[num]=100,14.0768,47.89955
Hafelekar,Austria,208.91 km,Apr,1162,15,207,521,827,Mar:5 May:5 Jul:5 Apr:5 Jun:4 Aug:3 Sep:3 Oct:2 Jan:1 Feb:1 Dec:0 Nov:0,35,https://www.xcontest.org/world/en/flights-search/?filter[point]=11.38433%2047.312498&list[sort]=pts&list[dir]=down&filter[radius]=1000&list[num]=100,11.38433,47.312498
Krippenstein,Austria,222.56 km,Jun Jul May Aug,1134,2,22,73,288,Aug:10 Jul:8 Jun:8 Sep:7 May:5 Oct:3 Mar:3 Jan:2 Feb:1 Apr:0 Dec:0,46,https://www.xcontest.org/world/en/flights-search/?filter[point]=13.6918%2047.52457&list[sort]=pts&list[dir]=down&filter[radius]=1000&list[num]=100,13.6918,47.52457
Golm,Austria,236.68 km,Aug,1121,12,227,467,833,Aug:8 Jul:7 Sep:5 Jun:4 Oct:0 May:0 Apr:0 Mar:0,24,https://www.xcontest.org/world/en/flights-search/?filter[point]=9.83727%2047.06252&list[sort]=pts&list[dir]=down&filter[radius]=1000&list[num]=100,9.83727,47.06252
Rottenstein,Austria,125.66 km,Apr May Mar,1096,0,6,74,277,May:8 Jun:6 Apr:6 Jul:5 Mar:4 Sep:2 Aug:2 Feb:1 Oct:0 Dec:0 Nov:0,35,https://www.xcontest.org/world/en/flights-search/?filter[point]=13.23198%2046.76698&list[sort]=pts&list[dir]=down&filter[radius]=1000&list[num]=100,13.23198,46.76698
Hochjoch,Austria,128.43 km,Apr Mar,1025,0,15,131,379,Mar:7 Sep:7 Aug:7 Jul:6 Oct:4 Jun:4 Feb:4 Apr:2 Dec:2 Jan:1 May:1 Nov:0,43,https://www.xcontest.org/world/en/flights-search/?filter[point]=9.974483%2047.06965&list[sort]=pts&list[dir]=down&filter[radius]=1000&list[num]=100,9.974483,47.06965
Pöls,Austria,110.93 km,Apr Mar Jul May Jun Aug,1024,0,3,52,268,Apr:8 Mar:7 Aug:7 Jul:5 Jun:4 May:4 Sep:4 Oct:4 Nov:3 Feb:2 Jan:1 Dec:1,49,https://www.xcontest.org/world/en/flights-search/?filter[point]=14.59235%2047.23955&list[sort]=pts&list[dir]=down&filter[radius]=1000&list[num]=100,14.59235,47.23955
Wiesflecker,Austria,109.72 km,Apr Jul May Jun Mar Sep Aug Oct Feb,1008,0,1,7,46,May:10 Jul:8 Apr:6 Jun:4 Aug:4 Sep:3 Oct:1 Mar:0 Feb:0 Nov:0,35,https://www.xcontest.org/world/en/flights-search/?filter[point]=13.20177%2046.76037&list[sort]=pts&list[dir]=down&filter[radius]=1000&list[num]=100,13.20177,46.76037
Penken,Austria,255.97 km,Apr Jun,1001,5,35,69,183,Jul:7 Aug:7 Jun:7 Sep:4 Mar:4 Apr:3 May:2 Feb:1 Oct:0 Dec:0 Jan:0,34,https://www.xcontest.org/world/en/flights-search/?filter[point]=11.81678%2047.17633&list[sort]=pts&list[dir]=down&filter[radius]=1000&list[num]=100,11.81678,47.17633
Schoberstein,Austria,113.77 km,Apr Sep May Aug Jun Mar,978,0,2,15,159,Oct:6 Aug:6 Sep:5 Apr:5 Nov:4 Dec:4 Mar:4 May:3 Feb:3 Jun:2 Jan:2 Jul:2,46,https://www.xcontest.org/world/en/flights-search/?filter[point]=14.32535%2047.90498&list[sort]=pts&list[dir]=down&filter[radius]=1000&list[num]=100,14.32535,47.90498
Hochkar,Austria,218.39 km,Jul Aug Jun May Apr,978,5,74,206,514,Aug:7 Jul:7 Sep:4 Mar:4 Jun:4 Feb:3 May:2 Oct:2 Apr:2 Dec:2 Jan:1 Nov:0,37,https://www.xcontest.org/world/en/flights-search/?filter[point]=14.909667%2047.710533&list[sort]=pts&list[dir]=down&filter[radius]=1000&list[num]=100,14.909667,47.710533
Göriach,Austria,120.59 km,Mar May Apr,960,0,2,24,147,Mar:8 Apr:7 May:5 Feb:4 Jun:4 Jul:3 Jan:3 Oct:2 Sep:2 Aug:2 Dec:1 Nov:1,42,https://www.xcontest.org/world/en/flights-search/?filter[point]=13.40042%2046.86138&list[sort]=pts&list[dir]=down&filter[radius]=1000&list[num]=100,13.40042,46.86138
Diedamskopf,Austria,191.12 km,Jul,902,0,16,82,178,Mar:4 Feb:2 Aug:2 Jan:2 Jun:1 Jul:1 Dec:1 Sep:0 Oct:0 Apr:0,16,https://www.xcontest.org/world/en/flights-search/?filter[point]=10.026033%2047.345867&list[sort]=pts&list[dir]=down&filter[radius]=1000&list[num]=100,10.026033,47.345867
Gemeindealpe,Austria,122.69 km,Aug Jul May Jun,824,0,3,34,134,Aug:7 Jul:4 Feb:3 Mar:2 Oct:2 Jun:2 Jan:2 Nov:1 May:1 Dec:1 Sep:1 Apr:0,27,https://www.xcontest.org/world/en/flights-search/?filter[point]=15.24747%2047.81113&list[sort]=pts&list[dir]=down&filter[radius]=1000&list[num]=100,15.24747,47.81113
Greim,Austria,261.22 km,Aug Jun May Jul,817,4,54,193,414,Aug:7 Jun:6 Jul:4 May:4 Sep:2 Oct:2 Apr:1 Nov:1 Dec:0 Mar:0,27,https://www.xcontest.org/world/en/flights-search/?filter[point]=14.16085%2047.22807&list[sort]=pts&list[dir]=down&filter[radius]=1000&list[num]=100,14.16085,47.22807
Ternberg,Austria,157.34 km,Apr Jun May Mar Jul,814,0,6,25,109,Apr:7 Jun:7 May:7 Mar:4 Jul:4 Aug:4 Feb:2 Sep:2 Oct:1 Nov:1 Dec:0 Jan:0,40,https://www.xcontest.org/world/en/flights-search/?filter[point]=14.33332%2047.93917&list[sort]=pts&list[dir]=down&filter[radius]=1000&list[num]=100,14.33332,47.93917
Loser,Austria,294.38 km,Apr Jun May Jul,788,10,79,179,370,Aug:6 Jul:4 Sep:4 May:4 Oct:4 Apr:4 Jun:3 Nov:1 Mar:0 Dec:0,30,https://www.xcontest.org/world/en/flights-search/?filter[point]=13.7884%2047.655&list[sort]=pts&list[dir]=down&filter[radius]=1000&list[num]=100,13.7884,47.655
Holzbauer,Austria,119.99 km,Apr Mar,710,0,5,27,61,Apr:4 Mar:3 Oct:3 May:3 Jan:3 Dec:3 Nov:3 Feb:2 Sep:2 Jun:1 Jul:0 Aug:0,29,https://www.xcontest.org/world/en/flights-search/?filter[point]=15.07875%2047.397983&list[sort]=pts&list[dir]=down&filter[radius]=1000&list[num]=100,15.07875,47.397983
Embergeralm ...,Austria,302.6 km,Apr Jul May Jun Aug,659,17,146,316,460,Jul:5 Apr:3 May:3 Aug:2 Jun:1 Mar:1 Sep:0 Oct:0 Jan:0,15,https://www.xcontest.org/world/en/flights-search/?filter[point]=13.1645%2046.7661&list[sort]=pts&list[dir]=down&filter[radius]=1000&list[num]=100,13.1645,46.7661
Markbachjoch,Austria,181.12 km,Jun May Jul Aug,649,0,1,2,7,Jun:4 Aug:4 Jul:4 May:3 Sep:1 Oct:0 Apr:0 Mar:0 Nov:0 Dec:0,17,https://www.xcontest.org/world/en/flights-search/?filter[point]=12.0876%2047.4365&list[sort]=pts&list[dir]=down&filter[radius]=1000&list[num]=100,12.0876,47.4365
Hauser Kaibling,Austria,151.53 km,Jun Jul Apr Mar Aug Sep May,635,0,8,41,160,Jun:6 Jul:5 Aug:4 Sep:3 Feb:2 Mar:2 Dec:2 Apr:2 Oct:1 Jan:1 May:1 Nov:0,30,https://www.xcontest.org/world/en/flights-search/?filter[point]=13.779225%2047.373242&list[sort]=pts&list[dir]=down&filter[radius]=1000&list[num]=100,13.779225,47.373242
Furx,Austria,62.71 km,May Apr Mar Jul Jun Aug,583,0,0,2,43,Apr:5 May:4 Jul:4 Jun:3 Mar:3 Aug:3 Sep:3 Feb:2 Dec:1 Nov:0 Jan:0 Oct:0,30,https://www.xcontest.org/world/en/flights-search/?filter[point]=9.695533%2047.276667&list[sort]=pts&list[dir]=down&filter[radius]=1000&list[num]=100,9.695533,47.276667
Schnabelberg,Austria,65.66 km,Jul May Jun Aug Mar Apr Sep,570,0,0,3,60,Aug:4 Jul:4 Mar:4 Apr:4 Jun:3 May:3 Sep:2 Oct:1 Feb:1 Dec:1 Nov:0 Jan:0,28,https://www.xcontest.org/world/en/flights-search/?filter[point]=14.736933%2047.938933&list[sort]=pts&list[dir]=down&filter[radius]=1000&list[num]=100,14.736933,47.938933
Sender Klein...,Austria,312.19 km,Apr May Jun Aug Jul Mar,568,17,133,263,447,May:5 Apr:4 Jun:3 Aug:2 Mar:2 Jul:2 Oct:1 Sep:1 Nov:0 Feb:0 Jan:0,21,https://www.xcontest.org/world/en/flights-search/?filter[point]=14.3687%2047.7316&list[sort]=pts&list[dir]=down&filter[radius]=1000&list[num]=100,14.3687,47.7316
Schönjoch,Austria,233.32 km,Aug Jul Apr,555,1,20,59,135,Aug:3 Jul:3 Sep:2 Oct:2 Apr:1 Feb:1 Mar:1 Jun:1 Dec:0 Jan:0,15,https://www.xcontest.org/world/en/flights-search/?filter[point]=10.5954%2047.0718&list[sort]=pts&list[dir]=down&filter[radius]=1000&list[num]=100,10.5954,47.0718
Staufen,Austria,65.46 km,Jul May Apr Jun Aug,544,0,0,4,77,Aug:9 Jul:7 May:5 Sep:4 Jun:4 Apr:4 Mar:1 Oct:1 Nov:0 Feb:0 Jan:0,33,https://www.xcontest.org/world/en/flights-search/?filter[point]=9.75035%2047.37395&list[sort]=pts&list[dir]=down&filter[radius]=1000&list[num]=100,9.75035,47.37395
Ludescherberg,Austria,85.74 km,May Apr Sep Jun,526,0,5,29,113,Jul:5 Apr:5 May:5 Aug:4 Mar:3 Jun:3 Sep:1 Feb:0 Oct:0 Dec:0 Nov:0,27,https://www.xcontest.org/world/en/flights-search/?filter[point]=9.80582%2047.195&list[sort]=pts&list[dir]=down&filter[radius]=1000&list[num]=100,9.80582,47.195
Ludesch,Austria,181.28 km,May,516,0,5,29,113,Jul:5 Apr:5 May:5 Aug:4 Mar:3 Jun:2 Sep:1 Feb:0 Oct:0 Nov:0,26,https://www.xcontest.org/world/en/flights-search/?filter[point]=9.79888%2047.19728&list[sort]=pts&list[dir]=down&filter[radius]=1000&list[num]=100,9.79888,47.19728
Adler Lounge,Austria,277.67 km,Apr Aug Jul Mar Jun,496,88,270,355,422,Aug:3 Apr:2 Mar:2 Jul:2 Dec:1 Jun:1 Feb:1 Jan:0 Sep:0 May:0,13,https://www.xcontest.org/world/en/flights-search/?filter[point]=12.5961%2046.99302&list[sort]=pts&list[dir]=down&filter[radius]=1000&list[num]=100,12.5961,46.99302
Speiereck,Austria,129.78 km,Aug,465,0,6,90,243,Aug:5 Jul:2 Sep:1 Jun:1 May:1 Mar:1 Feb:1 Dec:1 Oct:0 Apr:0 Nov:0,15,https://www.xcontest.org/world/en/flights-search/?filter[point]=13.64103%2047.12085&list[sort]=pts&list[dir]=down&filter[radius]=1000&list[num]=100,13.64103,47.12085
Rofan,Austria,133.96 km,May Jul Aug Jun Sep,459,0,4,20,89,Aug:3 May:3 Jul:2 Sep:2 Oct:2 Jun:1 Mar:0 Nov:0 Dec:0 Feb:0 Jan:0,14,https://www.xcontest.org/world/en/flights-search/?filter[point]=11.76337%2047.44363&list[sort]=pts&list[dir]=down&filter[radius]=1000&list[num]=100,11.76337,47.44363
Jakobshorn J...,Austria,33.08 km,Sep Aug Oct,449,0,0,18,103,Mar:5 Feb:4 Dec:3 Jan:2 Apr:2 Sep:1 Oct:0 Nov:0 Jun:0 Aug:0 Jul:0 May:0,19,https://www.xcontest.org/world/en/flights-search/?filter[point]=9.8437%2046.7633&list[sort]=pts&list[dir]=down&filter[radius]=1000&list[num]=100,9.8437,46.7633
Rax,Austria,331.91 km,Jun Aug Apr Jul Mar Sep,430,6,37,112,281,Aug:3 Jun:2 Sep:2 Apr:2 Mar:1 Jul:1 Oct:1 May:1 Nov:0 Feb:0 Jan:0 Dec:0,15,https://www.xcontest.org/world/en/flights-search/?filter[point]=15.7788%2047.71752&list[sort]=pts&list[dir]=down&filter[radius]=1000&list[num]=100,15.7788,47.71752
Jöchelspitze,Austria,102.98 km,Sep,417,0,2,57,195,Sep:1 Aug:1 Oct:1 Jul:0 Apr:0 May:0 Feb:0 Jan:0 Mar:0 Jun:0,5,https://www.xcontest.org/world/en/flights-search/?filter[point]=10.366367%2047.28005&list[sort]=pts&list[dir]=down&filter[radius]=1000&list[num]=100,10.366367,47.28005
Jöchelspitz...,Austria,151.6 km,Jun Jul Sep,415,0,2,56,194,Sep:1 Oct:1 Aug:1 Jul:0 Apr:0 May:0 Feb:0 Jan:0 Mar:0 Jun:0,5,https://www.xcontest.org/world/en/flights-search/?filter[point]=10.3672%2047.2766&list[sort]=pts&list[dir]=down&filter[radius]=1000&list[num]=100,10.3672,47.2766
Hochstein,Austria,286.99 km,May Jun Apr,408,57,229,306,339,May:3 Jun:2 Apr:1 Aug:1 Sep:1 Jul:1 Mar:0 Oct:0,9,https://www.xcontest.org/world/en/flights-search/?filter[point]=12.706915%2046.818538&list[sort]=pts&list[dir]=down&filter[radius]=1000&list[num]=100,12.706915,46.818538
Hollersbach ...,Austria,68.74 km,Jun,408,0,1,22,142,Jul:2 Aug:1 Jun:1 May:0 Apr:0 Sep:0,7,https://www.xcontest.org/world/en/flights-search/?filter[point]=12.4315%2047.2681&list[sort]=pts&list[dir]=down&filter[radius]=1000&list[num]=100,12.4315,47.2681
Berghof,Austria,112.33 km,Jul Jun Aug,406,0,1,22,141,Jul:2 Aug:1 Jun:1 May:0 Apr:0 Sep:0,7,https://www.xcontest.org/world/en/flights-search/?filter[point]=12.42968%2047.26238&list[sort]=pts&list[dir]=down&filter[radius]=1000&list[num]=100,12.42968,47.26238
Hochsalm,Austria,143.37 km,May Jun Jul Aug Apr Mar Sep,387,0,1,4,29,Aug:5 Sep:4 Jun:4 Jul:3 May:3 Apr:2 Mar:2 Dec:1 Oct:1 Feb:1 Nov:0 Jan:0,35,https://www.xcontest.org/world/en/flights-search/?filter[point]=13.98892%2047.88438&list[sort]=pts&list[dir]=down&filter[radius]=1000&list[num]=100,13.98892,47.88438
Thurntaler,Austria,118.66 km,Apr,387,0,30,85,199,Aug:5 Jun:3 Jul:2 May:2 Apr:1 Sep:0 Feb:0 Mar:0 Oct:0 Nov:0 Jan:0 Dec:0,16,https://www.xcontest.org/world/en/flights-search/?filter[point]=12.4014%2046.7635&list[sort]=pts&list[dir]=down&filter[radius]=1000&list[num]=100,12.4014,46.7635
Zwölferkopf,Austria,45.87 km,Jul Aug Jun May,385,0,0,0,21,Jul:1 Aug:1 May:1 Sep:1 Jun:1 Apr:0 Mar:0 Nov:0,6,https://www.xcontest.org/world/en/flights-search/?filter[point]=11.696222%2047.427593&list[sort]=pts&list[dir]=down&filter[radius]=1000&list[num]=100,11.696222,47.427593
Lindberg,Austria,95.14 km,Apr Mar,385,0,0,17,67,Apr:4 Mar:3 Jul:2 Dec:2 Aug:2 Oct:1 Feb:1 Jun:1 Nov:0 May:0 Sep:0 Jan:0,22,https://www.xcontest.org/world/en/flights-search/?filter[point]=14.37862%2047.16803&list[sort]=pts&list[dir]=down&filter[radius]=1000&list[num]=100,14.37862,47.16803
Plankenstein,Austria,63.19 km,May Apr,384,0,0,3,22,May:3 Apr:3 Jun:3 Mar:2 Aug:2 Sep:2 Jul:1 Feb:0 Oct:0,16,https://www.xcontest.org/world/en/flights-search/?filter[point]=15.28933%2048.02228&list[sort]=pts&list[dir]=down&filter[radius]=1000&list[num]=100,15.28933,48.02228
Graden,Austria,129.6 km,Jul Apr Aug Sep May Mar,382,0,6,13,70,Aug:4 Jul:3 Mar:3 Apr:2 Jun:2 Sep:2 May:1 Oct:1 Feb:0 Jan:0 Dec:0,21,https://www.xcontest.org/world/en/flights-search/?filter[point]=15.0192%2047.14283&list[sort]=pts&list[dir]=down&filter[radius]=1000&list[num]=100,15.0192,47.14283
Zwieselalm G...,Austria,178.58 km,Aug Jun Jul May Mar,369,0,1,15,160,Aug:4 Mar:3 Jun:3 Jul:3 May:2 Sep:1 Feb:1 Oct:1 Jan:0 Apr:0 Nov:0 Dec:0,20,https://www.xcontest.org/world/en/flights-search/?filter[point]=13.47962%2047.54265&list[sort]=pts&list[dir]=down&filter[radius]=1000&list[num]=100,13.47962,47.54265
Bazora,Austria,52.62 km,Jun May Jul Aug,363,0,0,1,22,Jul:4 Aug:4 Jun:3 May:3 Mar:2 Sep:1 Apr:1 Oct:0 Dec:0 Nov:0 Feb:0 Jan:0,24,https://www.xcontest.org/world/en/flights-search/?filter[point]=9.62515%2047.18905&list[sort]=pts&list[dir]=down&filter[radius]=1000&list[num]=100,9.62515,47.18905
Schafberg,Austria,102.02 km,May Sep Aug Jun Oct Apr Jul Nov Dec Feb,362,0,1,3,37,Sep:3 Aug:3 Oct:3 Nov:3 Jul:2 May:1 Dec:1 Jun:1 Apr:0 Jan:0 Mar:0 Feb:0,21,https://www.xcontest.org/world/en/flights-search/?filter[point]=13.43225%2047.77645&list[sort]=pts&list[dir]=down&filter[radius]=1000&list[num]=100,13.43225,47.77645
Grubigstein,Austria,137.1 km,Jun Oct Sep Aug Apr May Jul Mar,326,0,7,18,84,Jun:2 Jul:2 Sep:1 Aug:1 Oct:1 Apr:1 May:0 Feb:0 Mar:0 Jan:0 Nov:0,10,https://www.xcontest.org/world/en/flights-search/?filter[point]=10.84707%2047.382&list[sort]=pts&list[dir]=down&filter[radius]=1000&list[num]=100,10.84707,47.382
Lawinenstein,Austria,142.33 km,Mar Jul Apr,326,0,3,28,95,Mar:4 Feb:2 Jul:2 Apr:2 Jun:2 Jan:1 Aug:1 Dec:1 May:1 Oct:1 Sep:1 Nov:0,19,https://www.xcontest.org/world/en/flights-search/?filter[point]=13.95383%2047.5979&list[sort]=pts&list[dir]=down&filter[radius]=1000&list[num]=100,13.95383,47.5979
Aflenzer Bü...,Austria,86.19 km,Jul Mar Jun May Aug Sep Oct,323,0,0,15,67,Oct:2 Sep:1 Jun:1 Aug:1 Mar:1 Jan:1 Jul:0 May:0 Feb:0 Apr:0 Nov:0 Dec:0,11,https://www.xcontest.org/world/en/flights-search/?filter[point]=15.22423%2047.57778&list[sort]=pts&list[dir]=down&filter[radius]=1000&list[num]=100,15.22423,47.57778
Madereck,Austria,139.44 km,Apr Jul May Mar Jun Aug,310,0,8,42,82,Jul:2 Apr:2 Mar:2 Aug:1 Jun:1 May:1 Feb:1 Sep:1 Jan:1 Oct:1 Dec:0 Nov:0,15,https://www.xcontest.org/world/en/flights-search/?filter[point]=15.22818%2047.42175&list[sort]=pts&list[dir]=down&filter[radius]=1000&list[num]=100,15.22818,47.42175
Hahnenkamm,Austria,191.29 km,Apr Jul Jun Aug May Sep,306,0,14,52,126,Aug:5 Jul:3 Jun:2 Apr:2 Sep:1 Mar:1 Oct:0 May:0 Feb:0,18,https://www.xcontest.org/world/en/flights-search/?filter[point]=12.37147%2047.4274&list[sort]=pts&list[dir]=down&filter[radius]=1000&list[num]=100,12.37147,47.4274
Hartkaiser,Austria,171.69 km,Jul Jun,294,0,2,80,147,May:2 Jul:1 Jun:1 Aug:1 Sep:0 Apr:0 Oct:0 Mar:0 Dec:0 Feb:0,9,https://www.xcontest.org/world/en/flights-search/?filter[point]=12.272633%2047.49415&list[sort]=pts&list[dir]=down&filter[radius]=1000&list[num]=100,12.272633,47.49415
Hartkaiser-E...,Austria,49.88 km,Sep,294,0,2,80,147,May:2 Jun:1 Jul:1 Aug:1 Sep:0 Apr:0 Oct:0 Mar:0 Dec:0 Feb:0,9,https://www.xcontest.org/world/en/flights-search/?filter[point]=12.2772%2047.4914&list[sort]=pts&list[dir]=down&filter[radius]=1000&list[num]=100,12.2772,47.4914
Hochötz,Austria,245.14 km,Aug Jul Jun Mar,293,2,6,28,85,Jul:3 Mar:2 Sep:2 Jun:2 Apr:2 Aug:1 Feb:1 Jan:0 Oct:0,14,https://www.xcontest.org/world/en/flights-search/?filter[point]=10.9319%2047.2069&list[sort]=pts&list[dir]=down&filter[radius]=1000&list[num]=100,10.9319,47.2069
Koralpe,Austria,51.11 km,Jul Aug May Oct Jun Sep Dec Jan Mar Apr Feb Nov,290,0,0,1,33,Aug:2 Dec:2 Jul:2 Oct:1 Nov:1 Sep:1 Jan:1 May:0 Feb:0 Jun:0 Mar:0 Apr:0,15,https://www.xcontest.org/world/en/flights-search/?filter[point]=14.9509%2046.7934&list[sort]=pts&list[dir]=down&filter[radius]=1000&list[num]=100,14.9509,46.7934
Trattberg,Austria,216.01 km,May Jun,284,1,98,150,208,May:2 Nov:1 Jun:1 Oct:1 Sep:0 Apr:0 Mar:0 Dec:0 Feb:0,6,https://www.xcontest.org/world/en/flights-search/?filter[point]=13.26917%2047.63688&list[sort]=pts&list[dir]=down&filter[radius]=1000&list[num]=100,13.26917,47.63688
Planai,Austria,161.04 km,Jul Jun Aug,276,0,1,9,41,Aug:5 Jul:3 Jun:1 Sep:1 Mar:0 Oct:0 May:0 Jan:0,12,https://www.xcontest.org/world/en/flights-search/?filter[point]=13.72497%2047.37237&list[sort]=pts&list[dir]=down&filter[radius]=1000&list[num]=100,13.72497,47.37237
Petzen,Austria,139.23 km,Jul Aug,257,0,3,31,135,Jul:3 Aug:2 Jun:1 May:0 Jan:0 Sep:0 Mar:0 Feb:0 Oct:0 Dec:0,8,https://www.xcontest.org/world/en/flights-search/?filter[point]=14.7721%2046.51857&list[sort]=pts&list[dir]=down&filter[radius]=1000&list[num]=100,14.7721,46.51857
Hahnenkamm (...,Austria,131.41 km,Jun Jul Apr Aug May Sep,250,0,6,38,85,Apr:0 Mar:0,1,https://www.xcontest.org/world/en/flights-search/?filter[point]=10.6656%2047.4763&list[sort]=pts&list[dir]=down&filter[radius]=1000&list[num]=100,10.6656,47.4763
Messnerin,Austria,113.96 km,Jul Aug Jun Sep May Apr Oct Nov Mar,248,0,3,13,37,Aug:2 Jun:2 Oct:1 Sep:1 Jul:1 Dec:1 Nov:1 May:1 Apr:0 Mar:0 Jan:0 Feb:0,14,https://www.xcontest.org/world/en/flights-search/?filter[point]=15.08388%2047.55608&list[sort]=pts&list[dir]=down&filter[radius]=1000&list[num]=100,15.08388,47.55608
Goldried,Austria,159.25 km,Mar Feb Apr Jan,233,0,3,33,105,Mar:2 Jan:2 Feb:1 Apr:1 Dec:0 Aug:0 Jul:0,8,https://www.xcontest.org/world/en/flights-search/?filter[point]=12.56947%2046.98422&list[sort]=pts&list[dir]=down&filter[radius]=1000&list[num]=100,12.56947,46.98422
Virgen,Austria,183.66 km,Apr,229,0,9,39,95,Apr:3 May:1 Mar:1 Sep:0 Jun:0 Jul:0 Aug:0 Feb:0 Oct:0 Jan:0,5,https://www.xcontest.org/world/en/flights-search/?filter[point]=12.4284%2047.00677&list[sort]=pts&list[dir]=down&filter[radius]=1000&list[num]=100,12.4284,47.00677
Lärchfilzkogel,Austria,67.21 km,Jul Jun Aug May,222,0,0,2,29,Jul:2 Jun:2 Aug:1 Sep:1 Oct:1 Feb:0 Mar:0,10,https://www.xcontest.org/world/en/flights-search/?filter[point]=12.54873%2047.443462&list[sort]=pts&list[dir]=down&filter[radius]=1000&list[num]=100,12.54873,47.443462
Schießling,Austria,316.31 km,Aug Jul Jun,217,8,41,63,107,Aug:3 Jul:2 Oct:1 Jun:1 May:1 Sep:0 Dec:0 Apr:0 Mar:0,11,https://www.xcontest.org/world/en/flights-search/?filter[point]=15.2891%2047.5705&list[sort]=pts&list[dir]=down&filter[radius]=1000&list[num]=100,15.2891,47.5705
Stutenbauer,Austria,76.25 km,May Jun Jul Aug,209,0,0,7,55,Jun:2 May:2 Aug:2 Jul:2 Apr:0 Sep:0 Mar:0 Oct:0 Feb:0 Nov:0,11,https://www.xcontest.org/world/en/flights-search/?filter[point]=9.7765%2047.55418&list[sort]=pts&list[dir]=down&filter[radius]=1000&list[num]=100,9.7765,47.55418
Gampersberger,Austria,176.42 km,Apr,208,0,21,64,126,Apr:4 Mar:3 May:2 Jul:0 Jun:0 Oct:0 Feb:0 Aug:0 Nov:0 Dec:0,10,https://www.xcontest.org/world/en/flights-search/?filter[point]=14.232%2047.5827&list[sort]=pts&list[dir]=down&filter[radius]=1000&list[num]=100,14.232,47.5827
Kaiserburg,Austria,60.9 km,Jul Aug Sep Oct Jun Feb,206,0,0,3,15,Jul:1 Oct:1 Aug:1 Feb:1 Mar:0 Sep:0 Jun:0 Jan:0 Nov:0 Apr:0 Dec:0,8,https://www.xcontest.org/world/en/flights-search/?filter[point]=13.82842%2046.77617&list[sort]=pts&list[dir]=down&filter[radius]=1000&list[num]=100,13.82842,46.77617
Westgipfel,Austria,55.09 km,Mar Feb Jan Apr Dec,201,0,0,2,11,Mar:4 Feb:2 Jan:1 Dec:1 Apr:0 Sep:0 Jul:0 Nov:0,9,https://www.xcontest.org/world/en/flights-search/?filter[point]=12.61922%2047.36238&list[sort]=pts&list[dir]=down&filter[radius]=1000&list[num]=100,12.61922,47.36238
Hohe Kugel,Austria,45.46 km,Jun Jul Aug May Sep Apr Oct Jan,196,0,0,0,17,Jun:3 Jul:2 Aug:2 May:2 Sep:2 Oct:0 Apr:0 Dec:0 Nov:0 Mar:0 Jan:0,13,https://www.xcontest.org/world/en/flights-search/?filter[point]=9.71587%2047.33525&list[sort]=pts&list[dir]=down&filter[radius]=1000&list[num]=100,9.71587,47.33525
Zauberkogel,Austria,65.38 km,Apr May Jun Aug Sep Jul Oct Mar,195,0,0,3,12,May:2 Apr:2 Jun:1 Sep:1 Aug:0 Mar:0 Jul:0 Oct:0,25,https://www.xcontest.org/world/en/flights-search/?filter[point]=14.60343%2046.724&list[sort]=pts&list[dir]=down&filter[radius]=1000&list[num]=100,14.60343,46.724
Postalm Abtenau,Austria,198.24 km,May Apr,186,0,13,40,123,Apr:2 May:2 Aug:1 Jul:1 Jun:1 Sep:0 Oct:0,8,https://www.xcontest.org/world/en/flights-search/?filter[point]=13.376633%2047.609967&list[sort]=pts&list[dir]=down&filter[radius]=1000&list[num]=100,13.376633,47.609967
Alexanderhütte,Austria,55.17 km,Jun Jul,182,0,0,6,98,Aug:2 Oct:1 May:0 Jul:0 Jun:0 Dec:0 Apr:0 Sep:0 Jan:0 Nov:0,7,https://www.xcontest.org/world/en/flights-search/?filter[point]=13.5854%2046.83725&list[sort]=pts&list[dir]=down&filter[radius]=1000&list[num]=100,13.5854,46.83725
Hochalm,Austria,147.97 km,May Jul Sep Aug,175,0,5,14,33,Aug:3 Sep:2 May:2 Jul:1 Jun:1 Oct:0,11,https://www.xcontest.org/world/en/flights-search/?filter[point]=14.80303%2047.32213&list[sort]=pts&list[dir]=down&filter[radius]=1000&list[num]=100,14.80303,47.32213
Grießenkar,Austria,189.43 km,Aug Jul May Jun Apr,174,0,9,40,85,Aug:2 Jun:2 Jul:2 Apr:1 Mar:1 May:1 Nov:0 Feb:0 Sep:0 Oct:0 Jan:0 Dec:0,11,https://www.xcontest.org/world/en/flights-search/?filter[point]=13.34977%2047.32407&list[sort]=pts&list[dir]=down&filter[radius]=1000&list[num]=100,13.34977,47.32407
Heulantsch,Austria,38.82 km,Nov Oct Jan Mar,170,0,0,0,1,Nov:2 Oct:1 Mar:1 Jan:1 Dec:0 Feb:0 Apr:0 May:0,7,https://www.xcontest.org/world/en/flights-search/?filter[point]=15.479017%2047.357283&list[sort]=pts&list[dir]=down&filter[radius]=1000&list[num]=100,15.479017,47.357283
Untersberg,Austria,153.63 km,Jul Jun,167,0,4,5,20,Jul:3 Jun:1 Aug:1 May:1 Mar:0 Apr:0 Feb:0 Sep:0 Dec:0 Oct:0,9,https://www.xcontest.org/world/en/flights-search/?filter[point]=13.007933%2047.723117&list[sort]=pts&list[dir]=down&filter[radius]=1000&list[num]=100,13.007933,47.723117
Brunnkogel,Austria,61.53 km,Jul Aug Jun May Sep Oct,167,0,0,2,13,Jul:3 Aug:2 Sep:1 Jun:1 Oct:1 May:0 Nov:0 Dec:0 Apr:0,10,https://www.xcontest.org/world/en/flights-search/?filter[point]=13.62955%2047.827617&list[sort]=pts&list[dir]=down&filter[radius]=1000&list[num]=100,13.62955,47.827617
Siebenhütten,Austria,211.03 km,May Jun Aug Apr Mar Sep Oct Jul,164,2,9,19,53,Apr:1 Jun:1 May:1 Sep:1 Oct:1 Aug:1 Nov:1 Mar:1 Dec:0 Feb:0 Jul:0 Jan:0,11,https://www.xcontest.org/world/en/flights-search/?filter[point]=14.88067%2047.80107&list[sort]=pts&list[dir]=down&filter[radius]=1000&list[num]=100,14.88067,47.80107
Ötz,Austria,156.85 km,Apr May,156,0,7,33,64,May:2 Apr:1 Sep:0 Jul:0 Jun:0 Mar:0 Feb:0,4,https://www.xcontest.org/world/en/flights-search/?filter[point]=10.91827%2047.20887&list[sort]=pts&list[dir]=down&filter[radius]=1000&list[num]=100,10.91827,47.20887
Hoehen,Austria,344.76 km,Apr,153,7,19,28,50,Apr:1 Nov:1 May:1 Oct:1 Dec:0 Jun:0 Mar:0 Sep:0 Feb:0 Aug:0 Jul:0 Jan:0,8,https://www.xcontest.org/world/en/flights-search/?filter[point]=14.6868%2047.2183&list[sort]=pts&list[dir]=down&filter[radius]=1000&list[num]=100,14.6868,47.2183
Fohnsdorf,Austria,37.28 km,Apr May,153,7,19,28,50,Apr:1 Nov:1 May:1 Oct:1 Dec:0 Jun:0 Mar:0 Sep:0 Feb:0 Aug:0 Jul:0 Jan:0,8,https://www.xcontest.org/world/en/flights-search/?filter[point]=14.68097%2047.22042&list[sort]=pts&list[dir]=down&filter[radius]=1000&list[num]=100,14.68097,47.22042
Stubaital - ...,Austria,144.79 km,Mar Jun Jul Sep Oct,148,0,3,12,59,Mar:2 Sep:1 Feb:1 Aug:0 Jun:0 Jul:0 Dec:0 May:0 Apr:0 Oct:0 Nov:0 Jan:0,7,https://www.xcontest.org/world/en/flights-search/?filter[point]=11.3016%2047.1359&list[sort]=pts&list[dir]=down&filter[radius]=1000&list[num]=100,11.3016,47.1359
Ötz Mittels...,Austria,92.4 km,Apr,147,0,7,32,60,May:2 Apr:1 Jun:0 Mar:0 Feb:0,3,https://www.xcontest.org/world/en/flights-search/?filter[point]=10.9148%2047.205&list[sort]=pts&list[dir]=down&filter[radius]=1000&list[num]=100,10.9148,47.205
Mugl,Austria,28.08 km,Sep May Jul Mar Aug Jun Nov Oct Apr Jan Dec Feb,146,0,0,0,3,Sep:1 Aug:1 Jun:1 Oct:1 Jul:1 Mar:1 May:0 Apr:0 Feb:0 Nov:0 Dec:0 Jan:0,12,https://www.xcontest.org/world/en/flights-search/?filter[point]=15.18612%2047.36095&list[sort]=pts&list[dir]=down&filter[radius]=1000&list[num]=100,15.18612,47.36095
Hinterhornalm,Austria,149.23 km,May Jun Apr,146,0,24,73,103,May:1 Aug:0 Jun:0 Jul:0 Apr:0 Nov:0 Sep:0 Mar:0,3,https://www.xcontest.org/world/en/flights-search/?filter[point]=11.56533%2047.33392&list[sort]=pts&list[dir]=down&filter[radius]=1000&list[num]=100,11.56533,47.33392
Hinterhorn Alm,Austria,151.79 km,Jun,145,0,24,73,103,May:1 Aug:0 Jun:0 Jul:0 Apr:0 Nov:0 Sep:0 Mar:0,3,https://www.xcontest.org/world/en/flights-search/?filter[point]=11.5718%2047.333&list[sort]=pts&list[dir]=down&filter[radius]=1000&list[num]=100,11.5718,47.333
Hochälpele,Austria,187.89 km,Jul Jun May,140,0,17,38,103,May:2 Jun:2 Jul:1 Aug:0 Sep:0 Oct:0 Feb:0 Apr:0,7,https://www.xcontest.org/world/en/flights-search/?filter[point]=9.81375%2047.40268&list[sort]=pts&list[dir]=down&filter[radius]=1000&list[num]=100,9.81375,47.40268
Pfänder,Austria,71.58 km,Apr,139,0,0,3,21,Apr:2 Mar:1 Dec:1 Feb:0 Nov:0 Oct:0 Jan:0,7,https://www.xcontest.org/world/en/flights-search/?filter[point]=9.7749%2047.4995&list[sort]=pts&list[dir]=down&filter[radius]=1000&list[num]=100,9.7749,47.4995
Michaelerberg,Austria,93.48 km,May,133,0,0,2,10,May:2 Jul:0 Apr:0 Oct:0 Sep:0 Aug:0 Jun:0 Mar:0,5,https://www.xcontest.org/world/en/flights-search/?filter[point]=13.89495%2047.41195&list[sort]=pts&list[dir]=down&filter[radius]=1000&list[num]=100,13.89495,47.41195
Hochlecken,Austria,76.96 km,Jul Sep Aug,127,0,0,1,13,Jul:1 Sep:1 Aug:1 Jun:0 May:0 Oct:0 Apr:0 Nov:0,4,https://www.xcontest.org/world/en/flights-search/?filter[point]=13.602%2047.82893&list[sort]=pts&list[dir]=down&filter[radius]=1000&list[num]=100,13.602,47.82893
Randegg,Austria,12.25 km,Sep Jul Oct Aug Apr Jun Feb Mar Nov May Dec,123,0,0,0,0,Sep:2 Jul:1 Oct:1 Aug:1 Jun:1 Apr:1 Nov:0 Feb:0 Mar:0 May:0 Dec:0,9,https://www.xcontest.org/world/en/flights-search/?filter[point]=14.96017%2048.00367&list[sort]=pts&list[dir]=down&filter[radius]=1000&list[num]=100,14.96017,48.00367
Ebner Feld,Austria,165.85 km,Apr May Jun,120,0,6,21,49,May:2 Apr:2 Jun:2 Nov:0 Mar:0 Sep:0 Aug:0 Jul:0,8,https://www.xcontest.org/world/en/flights-search/?filter[point]=12.79465%2046.8526&list[sort]=pts&list[dir]=down&filter[radius]=1000&list[num]=100,12.79465,46.8526
Buchenberg,Austria,40.7 km,Apr Mar May Jul Aug Jun Oct Feb Sep Jan,119,0,0,0,11,Aug:1 Mar:1 May:1 Apr:1 Jun:1 Jul:0 Oct:0 Feb:0 Jan:0 Sep:0 Nov:0,7,https://www.xcontest.org/world/en/flights-search/?filter[point]=15.18308%2046.71093&list[sort]=pts&list[dir]=down&filter[radius]=1000&list[num]=100,15.18308,46.71093
Walmendinger...,Austria,193.45 km,Jan,116,0,2,7,18,Jun:0 May:0 Aug:0 Feb:0,3,https://www.xcontest.org/world/en/flights-search/?filter[point]=10.1312%2047.3192&list[sort]=pts&list[dir]=down&filter[radius]=1000&list[num]=100,10.1312,47.3192
Brennkopf,Austria,147.0 km,Apr,116,0,6,19,59,May:0 Dec:0 Nov:0 Feb:0 Mar:0,1,https://www.xcontest.org/world/en/flights-search/?filter[point]=12.3114%2047.6716&list[sort]=pts&list[dir]=down&filter[radius]=1000&list[num]=100,12.3114,47.6716
Rössel,Austria,43.71 km,Jul Jun Oct Aug Sep May,111,0,0,1,16,Oct:1 Jul:1 Jun:1 Sep:1 Aug:0 May:0 Nov:0 Apr:0,6,https://www.xcontest.org/world/en/flights-search/?filter[point]=14.932417%2047.5014&list[sort]=pts&list[dir]=down&filter[radius]=1000&list[num]=100,14.932417,47.5014
Jaga,Austria,109.64 km,Apr Mar May Jul Jun,110,0,1,16,54,Apr:1 Mar:1 Jul:1 May:0 Jun:0 Oct:0 Aug:0 Sep:0 Feb:0,5,https://www.xcontest.org/world/en/flights-search/?filter[point]=14.884727%2046.843022&list[sort]=pts&list[dir]=down&filter[radius]=1000&list[num]=100,14.884727,46.843022
Kreuzjoch,Austria,147.05 km,Mar Aug Feb Apr Sep Jul Jun Jan,108,0,1,9,43,Mar:2 Aug:1 Feb:0 Jan:0 Sep:0 Apr:0 Jun:0 Dec:0 Jul:0 Oct:0,6,https://www.xcontest.org/world/en/flights-search/?filter[point]=11.312%2047.15447&list[sort]=pts&list[dir]=down&filter[radius]=1000&list[num]=100,11.312,47.15447
Grebenzen,Austria,33.94 km,Aug Jan Dec Mar Oct Jul Feb Sep Nov Jun Apr May,108,0,0,0,11,Jan:1 Dec:1 Aug:1 Oct:0 Mar:0 Jul:0 Feb:0 Sep:0 Nov:0 Jun:0 May:0,7,https://www.xcontest.org/world/en/flights-search/?filter[point]=14.33097%2047.04035&list[sort]=pts&list[dir]=down&filter[radius]=1000&list[num]=100,14.33097,47.04035
Biberg,Austria,172.03 km,May Apr,105,0,20,46,67,May:1 Apr:1 Aug:0 Nov:0 Jul:0 Sep:0 Mar:0,3,https://www.xcontest.org/world/en/flights-search/?filter[point]=12.79572%2047.42038&list[sort]=pts&list[dir]=down&filter[radius]=1000&list[num]=100,12.79572,47.42038
Mondseeberg,Austria,18.0 km,Apr Jul Jun May Sep Nov Aug Mar Feb Dec Jan Oct,102,0,0,0,0,Apr:2 Jul:1 May:1 Jun:1 Nov:1 Sep:0 Aug:0 Mar:0 Feb:0 Dec:0 Oct:0 Jan:0,13,https://www.xcontest.org/world/en/flights-search/?filter[point]=13.357633%2047.868083&list[sort]=pts&list[dir]=down&filter[radius]=1000&list[num]=100,13.357633,47.868083
Lippekogel,Austria,35.42 km,May Jul Jun,101,0,0,0,2,Jun:1 May:1 Jul:1 Aug:0 Apr:0 Sep:0 Feb:0,5,https://www.xcontest.org/world/en/flights-search/?filter[point]=14.5005%2046.72992&list[sort]=pts&list[dir]=down&filter[radius]=1000&list[num]=100,14.5005,46.72992
Buchkogel,Austria,142.29 km,May Apr Sep Jul Jun Mar Oct Aug Feb Nov Jan Dec,101,0,8,23,36,Apr:1 May:1 Mar:1 Jul:1 Sep:0 Aug:0 Jun:0 Oct:0 Nov:0 Jan:0 Feb:0 Dec:0,6,https://www.xcontest.org/world/en/flights-search/?filter[point]=15.502583%2047.324&list[sort]=pts&list[dir]=down&filter[radius]=1000&list[num]=100,15.502583,47.324
Spieljoch,Austria,103.86 km,Aug,100,0,1,3,14,Aug:1 Mar:1 Feb:0 Sep:0 Jul:0 Jun:0 Dec:0 Oct:0 Jan:0 Nov:0 May:0,5,https://www.xcontest.org/world/en/flights-search/?filter[point]=11.79477%2047.33265&list[sort]=pts&list[dir]=down&filter[radius]=1000&list[num]=100,11.79477,47.33265
Onkeljoch,Austria,25.89 km,Mar Feb Jun Aug Sep,100,0,1,3,14,Aug:1 Mar:1 Feb:0 Sep:0 Jul:0 Jun:0 Dec:0 Oct:0 Jan:0 Nov:0 May:0,5,https://www.xcontest.org/world/en/flights-search/?filter[point]=11.793557%2047.325602&list[sort]=pts&list[dir]=down&filter[radius]=1000&list[num]=100,11.793557,47.325602
Gschriet,Austria,22.47 km,Jun Mar Jul Dec Aug Nov May Sep Apr Oct Feb,99,0,0,0,1,Jun:1 Jul:1 Sep:0 Aug:0 Nov:0 Oct:0 Apr:0 May:0 Mar:0 Dec:0 Feb:0,9,https://www.xcontest.org/world/en/flights-search/?filter[point]=13.66445%2046.7638&list[sort]=pts&list[dir]=down&filter[radius]=1000&list[num]=100,13.66445,46.7638
Großer Priel,Austria,135.54 km,Oct Aug Sep Jun May Jul Nov,99,0,1,6,21,Oct:2 Aug:1 Sep:1 Jun:1 May:0 Nov:0 Jul:0 Apr:0,7,https://www.xcontest.org/world/en/flights-search/?filter[point]=14.0698%2047.70532&list[sort]=pts&list[dir]=down&filter[radius]=1000&list[num]=100,14.0698,47.70532
Schönleiten,Austria,101.78 km,Apr,98,0,1,8,27,Mar:0 Dec:0 Jan:0 May:0 Apr:0 Sep:0 Jun:0 Aug:0 Feb:0,3,https://www.xcontest.org/world/en/flights-search/?filter[point]=12.68967%2047.401&list[sort]=pts&list[dir]=down&filter[radius]=1000&list[num]=100,12.68967,47.401
Stein am Mandl,Austria,92.71 km,Aug Jul Jun Sep Oct May,98,0,0,5,12,Jun:1 Jul:1 Sep:1 Aug:1 Oct:0 Nov:0 May:0 Feb:0 Dec:0,7,https://www.xcontest.org/world/en/flights-search/?filter[point]=14.363967%2047.491583&list[sort]=pts&list[dir]=down&filter[radius]=1000&list[num]=100,14.363967,47.491583
Rosskopf,Austria,145.74 km,Mar,97,0,2,14,63,Mar:3 Apr:1 Feb:0 Dec:0,5,https://www.xcontest.org/world/en/flights-search/?filter[point]=13.42942%2047.29373&list[sort]=pts&list[dir]=down&filter[radius]=1000&list[num]=100,13.42942,47.29373
Hochwurzen,Austria,93.03 km,Aug,96,0,0,2,15,Aug:1 Mar:0 Jul:0 Jun:0 Oct:0 Feb:0 Sep:0,4,https://www.xcontest.org/world/en/flights-search/?filter[point]=13.6397%2047.35907&list[sort]=pts&list[dir]=down&filter[radius]=1000&list[num]=100,13.6397,47.35907
Riesneralm,Austria,101.33 km,Jul Aug Mar Dec Apr Feb Jun Sep May Jan,96,0,1,11,33,Jul:2 Mar:1 Aug:1 Apr:0 Jun:0 Feb:0 Jan:0 Sep:0 May:0 Dec:0,5,https://www.xcontest.org/world/en/flights-search/?filter[point]=14.09188%2047.36557&list[sort]=pts&list[dir]=down&filter[radius]=1000&list[num]=100,14.09188,47.36557
Waldrast,Austria,119.04 km,Apr May Jun Dec Mar Oct Sep Jul,96,0,2,18,42,Dec:0 Apr:0 May:0 Jul:0 Mar:0 Jun:0 Sep:0 Oct:0 Nov:0,3,https://www.xcontest.org/world/en/flights-search/?filter[point]=14.9276%2046.8197&list[sort]=pts&list[dir]=down&filter[radius]=1000&list[num]=100,14.9276,46.8197
Steinkogel,Austria,179.77 km,Jun Apr Mar May,96,0,29,48,64,Jun:1 May:1 Apr:1 Mar:0 Sep:0 Aug:0 Jul:0 Feb:0 Nov:0 Jan:0,10,https://www.xcontest.org/world/en/flights-search/?filter[point]=14.1827%2047.885&list[sort]=pts&list[dir]=down&filter[radius]=1000&list[num]=100,14.1827,47.885
Grünau im A...,Austria,82.92 km,Mar Feb,95,0,0,8,34,Mar:1 Feb:1 Oct:0 Aug:0 Dec:0 May:0 Nov:0 Jul:0 Jan:0 Sep:0 Apr:0 Jun:0,5,https://www.xcontest.org/world/en/flights-search/?filter[point]=13.98207%2047.8071&list[sort]=pts&list[dir]=down&filter[radius]=1000&list[num]=100,13.98207,47.8071
Kramerkogel,Austria,34.37 km,Apr,94,0,0,0,3,Apr:2 Mar:1 Sep:0 May:0 Aug:0 Jul:0 Jun:0 Jan:0 Dec:0 Nov:0 Feb:0 Oct:0,7,https://www.xcontest.org/world/en/flights-search/?filter[point]=14.10038%2047.11428&list[sort]=pts&list[dir]=down&filter[radius]=1000&list[num]=100,14.10038,47.11428
Ötscher,Austria,67.38 km,Jul Aug Sep Jun May Oct Mar Dec Jan Feb,93,0,0,2,14,Jul:2 Aug:1 Jun:0 Sep:0 Oct:0 May:0 Mar:0 Dec:0 Feb:0,5,https://www.xcontest.org/world/en/flights-search/?filter[point]=15.1825%2047.855833&list[sort]=pts&list[dir]=down&filter[radius]=1000&list[num]=100,15.1825,47.855833
Vogeltenne,Austria,31.5 km,Mar Dec May Jan Jun Sep Oct Feb Nov Apr Aug Jul,93,0,0,0,3,Mar:2 Dec:1 Jan:0 Jun:0 Sep:0 Feb:0 Nov:0 Oct:0 May:0 Aug:0 Apr:0 Jul:0,7,https://www.xcontest.org/world/en/flights-search/?filter[point]=14.87813%2046.69095&list[sort]=pts&list[dir]=down&filter[radius]=1000&list[num]=100,14.87813,46.69095
Hoher Fraßen,Austria,131.77 km,May Sep Oct Nov Aug Dec Jun Jul,89,0,3,9,28,Dec:1 Nov:1 Aug:1 Oct:1 May:0 Jul:0 Sep:0 Jun:0 Feb:0 Jan:0,6,https://www.xcontest.org/world/en/flights-search/?filter[point]=9.83085%2047.19227&list[sort]=pts&list[dir]=down&filter[radius]=1000&list[num]=100,9.83085,47.19227
Schwalbenwand,Austria,75.56 km,Jul Oct May Aug Jun Apr Sep Dec Feb Jan Mar,88,0,0,3,6,Aug:1 Oct:0 Jul:0 Apr:0 May:0 Sep:0 Jun:0 Dec:0 Feb:0 Mar:0 Jan:0,6,https://www.xcontest.org/world/en/flights-search/?filter[point]=12.86292%2047.365&list[sort]=pts&list[dir]=down&filter[radius]=1000&list[num]=100,12.86292,47.365
Trinklackerl,Austria,63.37 km,Aug Jul Jun Apr May Sep Oct,88,0,0,1,13,Aug:2 Jul:1 Apr:1 Jun:1 Sep:0 May:0 Oct:0 Jan:0 Nov:0 Feb:0 Dec:0,17,https://www.xcontest.org/world/en/flights-search/?filter[point]=13.482117%2047.511317&list[sort]=pts&list[dir]=down&filter[radius]=1000&list[num]=100,13.482117,47.511317
Langweid,Austria,65.89 km,Dec Oct Aug Sep Nov Jun Jul May,87,0,0,3,3,Aug:0 Sep:0 Dec:0 Nov:0 Oct:0 Jun:0 Jul:0 May:0,3,https://www.xcontest.org/world/en/flights-search/?filter[point]=12.85253%2047.24795&list[sort]=pts&list[dir]=down&filter[radius]=1000&list[num]=100,12.85253,47.24795
Bodeneck,Austria,49.74 km,Oct Jun Sep Jan Aug Nov May Jul Mar Dec Apr,87,0,0,0,8,Jun:1 Oct:1 Nov:0 Aug:0 Sep:0 Mar:0 Dec:0 Jan:0 Apr:0 May:0 Jul:0,7,https://www.xcontest.org/world/en/flights-search/?filter[point]=13.698017%2046.768183&list[sort]=pts&list[dir]=down&filter[radius]=1000&list[num]=100,13.698017,46.768183
Ahorn,Austria,70.64 km,Jul Jun May Aug,87,0,0,1,6,Jul:1 Aug:0 Jun:0 Apr:0 May:0 Sep:0,5,https://www.xcontest.org/world/en/flights-search/?filter[point]=11.8795%2047.1378&list[sort]=pts&list[dir]=down&filter[radius]=1000&list[num]=100,11.8795,47.1378
St. Veit,Austria,147.48 km,Apr,82,0,10,31,58,Apr:2 May:1 Aug:0 Oct:0 Jun:0,4,https://www.xcontest.org/world/en/flights-search/?filter[point]=13.14082%2047.34352&list[sort]=pts&list[dir]=down&filter[radius]=1000&list[num]=100,13.14082,47.34352
Kapall,Austria,171.99 km,Apr Jul Mar,82,0,18,41,56,Apr:2 Mar:1 Jul:1 Aug:0 Dec:0 Jun:0 Feb:0 Sep:0,5,https://www.xcontest.org/world/en/flights-search/?filter[point]=10.2481%2047.14838&list[sort]=pts&list[dir]=down&filter[radius]=1000&list[num]=100,10.2481,47.14838
Sinabell,Austria,203.83 km,Sep Oct Nov Apr Aug Jun Jul,82,1,5,12,32,Sep:1 Aug:1 Oct:0 Jul:0 Nov:0 Jun:0 Apr:0 May:0 Dec:0,4,https://www.xcontest.org/world/en/flights-search/?filter[point]=13.69188%2047.45078&list[sort]=pts&list[dir]=down&filter[radius]=1000&list[num]=100,13.69188,47.45078
Guttenberghaus,Austria,199.45 km,Sep Aug Oct May Nov Jul Jun,82,1,5,12,32,Sep:1 Aug:1 Oct:0 Jul:0 Nov:0 Jun:0 Apr:0 May:0 Dec:0,4,https://www.xcontest.org/world/en/flights-search/?filter[point]=13.684183%2047.450733&list[sort]=pts&list[dir]=down&filter[radius]=1000&list[num]=100,13.684183,47.450733
Kreuzkogel,Austria,81.03 km,Oct Sep Jul Jun,81,0,0,6,21,Oct:1 Sep:1 Jun:1 Aug:0 Nov:0 Jul:0 Apr:0 May:0,6,https://www.xcontest.org/world/en/flights-search/?filter[point]=14.50262%2047.55125&list[sort]=pts&list[dir]=down&filter[radius]=1000&list[num]=100,14.50262,47.55125
Stainacher,Austria,7.52 km,Sep Apr Feb Jul Jan Mar May Aug Oct Jun,81,0,0,0,0,Jan:0 Apr:0 Feb:0 Mar:0 Sep:0 Oct:0 Aug:0 Nov:0 Jul:0 Dec:0 May:0,4,https://www.xcontest.org/world/en/flights-search/?filter[point]=15.027852%2047.434597&list[sort]=pts&list[dir]=down&filter[radius]=1000&list[num]=100,15.027852,47.434597
Sportgastein,Austria,268.69 km,Apr,79,12,25,34,53,Apr:1 Mar:0 Dec:0 Feb:0 Oct:0 Sep:0,2,https://www.xcontest.org/world/en/flights-search/?filter[point]=13.09863%2047.05422&list[sort]=pts&list[dir]=down&filter[radius]=1000&list[num]=100,13.09863,47.05422
Silvretta Nova,Austria,92.83 km,Mar Dec Apr Feb Jan,79,0,0,9,22,Dec:1 Mar:0 Feb:0 Apr:0 Jun:0 Jan:0,3,https://www.xcontest.org/world/en/flights-search/?filter[point]=9.96208%2046.98598&list[sort]=pts&list[dir]=down&filter[radius]=1000&list[num]=100,9.96208,46.98598
Silvretta No...,Austria,72.92 km,Apr,79,0,0,9,22,Dec:1 Mar:0 Feb:0 Apr:0 Jun:0 Jan:0,3,https://www.xcontest.org/world/en/flights-search/?filter[point]=9.96342%2046.9852&list[sort]=pts&list[dir]=down&filter[radius]=1000&list[num]=100,9.96342,46.9852
Unterberghorn,Austria,101.56 km,May Aug Apr Jun Sep Jul Jan Dec Mar,78,0,1,2,6,Aug:0 Jun:0 May:0 Jul:0 Sep:0 Apr:0 Oct:0,3,https://www.xcontest.org/world/en/flights-search/?filter[point]=12.4225%2047.6505&list[sort]=pts&list[dir]=down&filter[radius]=1000&list[num]=100,12.4225,47.6505
Schneeberg,Austria,159.03 km,Oct Sep Jul Jun Aug Jan May Apr Nov Dec Feb Mar,77,0,1,2,4,Jul:1 Oct:0 Jun:0 Aug:0 Dec:0 Nov:0 Sep:0 Apr:0 May:0 Mar:0 Feb:0 Jan:0,6,https://www.xcontest.org/world/en/flights-search/?filter[point]=15.80905%2047.77375&list[sort]=pts&list[dir]=down&filter[radius]=1000&list[num]=100,15.80905,47.77375
Thalerkogel,Austria,28.14 km,Mar Jan Feb Nov Sep May Oct Dec Aug Apr Jul,76,0,0,0,1,Nov:1 Feb:0 Mar:0 Jan:0 Sep:0 Oct:0 May:0 Dec:0 Apr:0 Aug:0 Jul:0,5,https://www.xcontest.org/world/en/flights-search/?filter[point]=15.05389%2047.476488&list[sort]=pts&list[dir]=down&filter[radius]=1000&list[num]=100,15.05389,47.476488
Telfs,Austria,108.58 km,Apr Oct Mar,75,0,3,16,47,Apr:1 Mar:0 May:0 Oct:0,2,https://www.xcontest.org/world/en/flights-search/?filter[point]=11.13997%2047.31317&list[sort]=pts&list[dir]=down&filter[radius]=1000&list[num]=100,11.13997,47.31317
Mösern bei ...,Austria,109.28 km,Apr,75,0,3,16,47,Apr:1 Mar:0 May:0 Oct:0,2,https://www.xcontest.org/world/en/flights-search/?filter[point]=11.1381%2047.3164&list[sort]=pts&list[dir]=down&filter[radius]=1000&list[num]=100,11.1381,47.3164
Kalmberg Gosau,Austria,39.35 km,Oct Nov Sep Aug,74,0,0,0,10,Oct:1 Nov:1 Sep:0 Aug:0 Jun:0 May:0 Apr:0,4,https://www.xcontest.org/world/en/flights-search/?filter[point]=13.56735%2047.6124&list[sort]=pts&list[dir]=down&filter[radius]=1000&list[num]=100,13.56735,47.6124
Burgspitz,Austria,34.9 km,Oct Sep Jul May Jun,74,0,0,0,3,Jul:1 Oct:1 Jun:1 May:0 Sep:0 Nov:0 Apr:0 Aug:0 Dec:0 Mar:0,5,https://www.xcontest.org/world/en/flights-search/?filter[point]=14.57223%2047.8446&list[sort]=pts&list[dir]=down&filter[radius]=1000&list[num]=100,14.57223,47.8446
Defereggen,Austria,304.2 km,Aug Jul,71,31,47,59,66,Aug:1 Jun:0 Jul:0 May:0 Apr:0,3,https://www.xcontest.org/world/en/flights-search/?filter[point]=12.1998%2046.90118&list[sort]=pts&list[dir]=down&filter[radius]=1000&list[num]=100,12.1998,46.90118
Maisberg,Austria,13.66 km,Jul Oct May Jun Sep Aug Jan Apr Mar Feb Dec,71,0,0,0,0,Oct:1 Sep:0 Aug:0 Jul:0 May:0 Jun:0 Mar:0 Apr:0 Dec:0 Feb:0 Jan:0,11,https://www.xcontest.org/world/en/flights-search/?filter[point]=14.884087%2047.934103&list[sort]=pts&list[dir]=down&filter[radius]=1000&list[num]=100,14.884087,47.934103
Umhausen Bichl,Austria,109.6 km,Jun Oct Apr May Mar Sep Feb Jul Aug Jan Dec Nov,71,0,1,1,7,Mar:0 Oct:0 Jun:0 Apr:0 Feb:0 Sep:0 May:0 Dec:0 Aug:0 Jul:0 Nov:0 Jan:0,10,https://www.xcontest.org/world/en/flights-search/?filter[point]=10.9491%2047.13163&list[sort]=pts&list[dir]=down&filter[radius]=1000&list[num]=100,10.9491,47.13163
Leobnerberg,Austria,135.03 km,Aug Jun Sep Oct Nov Jul Mar May Apr Dec,70,0,3,15,34,Oct:0 Jun:0 Nov:0 Sep:0 Aug:0 Jul:0 May:0 Dec:0 Apr:0 Mar:0,4,https://www.xcontest.org/world/en/flights-search/?filter[point]=14.650338%2047.494332&list[sort]=pts&list[dir]=down&filter[radius]=1000&list[num]=100,14.650338,47.494332
Silvretta - ...,Austria,93.5 km,Jul Aug Sep,69,0,0,5,11,Aug:1 Jul:0 Sep:0,2,https://www.xcontest.org/world/en/flights-search/?filter[point]=10.2031%2046.963&list[sort]=pts&list[dir]=down&filter[radius]=1000&list[num]=100,10.2031,46.963
Pleschnitzzi...,Austria,49.2 km,Aug Sep Oct Jul Jun Nov,68,0,0,0,7,Sep:1 Oct:0 Aug:0 Jul:0 Jun:0 Nov:0 May:0 Feb:0 Mar:0,3,https://www.xcontest.org/world/en/flights-search/?filter[point]=13.85498%2047.37558&list[sort]=pts&list[dir]=down&filter[radius]=1000&list[num]=100,13.85498,47.37558
Buchensteinwand,Austria,167.02 km,Jun May Apr Mar,67,0,2,18,32,May:1 Jun:1 Mar:0 Apr:0 Feb:0 Aug:0 Oct:0 Sep:0 Jul:0,7,https://www.xcontest.org/world/en/flights-search/?filter[point]=12.58007%2047.48405&list[sort]=pts&list[dir]=down&filter[radius]=1000&list[num]=100,12.58007,47.48405
Hochanger,Austria,46.64 km,Aug,67,0,0,0,12,Aug:1 Jul:1 Jun:0 Nov:0 Oct:0 May:0 Dec:0 Apr:0 Sep:0 Mar:0,5,https://www.xcontest.org/world/en/flights-search/?filter[point]=15.31628%2047.60563&list[sort]=pts&list[dir]=down&filter[radius]=1000&list[num]=100,15.31628,47.60563
Gefrorene Wand,Austria,274.81 km,Apr Aug Jun Jul Oct Sep Nov May Mar Dec,65,8,16,22,48,Apr:1 Aug:0 Oct:0 Jul:0 Dec:0 Nov:0 Jun:0 Sep:0 May:0 Mar:0,4,https://www.xcontest.org/world/en/flights-search/?filter[point]=11.68%2047.06267&list[sort]=pts&list[dir]=down&filter[radius]=1000&list[num]=100,11.68,47.06267
Dobratsch,Austria,139.22 km,May Aug Nov Jul Sep Oct Apr Jun Mar Dec Jan,65,0,4,8,14,Jul:1 May:0 Aug:0 Sep:0 Nov:0 Oct:0 Jun:0 Mar:0 Jan:0 Dec:0 Apr:0,5,https://www.xcontest.org/world/en/flights-search/?filter[point]=13.6905%2046.60082&list[sort]=pts&list[dir]=down&filter[radius]=1000&list[num]=100,13.6905,46.60082
Start,Austria,103.02 km,Sep Oct Jul Aug Apr Jun Nov Mar Dec,65,0,1,2,11,Sep:1 Oct:0 Aug:0 Jul:0 Apr:0 Mar:0 Jun:0 Nov:0 Dec:0,3,https://www.xcontest.org/world/en/flights-search/?filter[point]=13.15797%2047.16037&list[sort]=pts&list[dir]=down&filter[radius]=1000&list[num]=100,13.15797,47.16037
Thüringerberg,Austria,129.42 km,May,64,0,9,26,49,May:0 Jun:0 Apr:0 Dec:0 Aug:0,2,https://www.xcontest.org/world/en/flights-search/?filter[point]=9.765128%2047.227257&list[sort]=pts&list[dir]=down&filter[radius]=1000&list[num]=100,9.765128,47.227257
Hochobir,Austria,34.94 km,Sep Jul Oct Aug Dec Nov Apr Jun,62,0,0,0,4,Jul:1 Oct:0 Sep:0 Aug:0 Dec:0 Apr:0 Jun:0 Nov:0 Feb:0 May:0 Mar:0 Jan:0,5,https://www.xcontest.org/world/en/flights-search/?filter[point]=14.4895%2046.50105&list[sort]=pts&list[dir]=down&filter[radius]=1000&list[num]=100,14.4895,46.50105
Brandalm,Austria,201.84 km,Apr,62,1,14,25,37,Apr:2 May:1 Mar:0,3,https://www.xcontest.org/world/en/flights-search/?filter[point]=13.18687%2047.36898&list[sort]=pts&list[dir]=down&filter[radius]=1000&list[num]=100,13.18687,47.36898
Wilder Kaiser,Austria,61.84 km,Sep Oct,61,0,0,4,38,Sep:1 Nov:0 Aug:0 Oct:0 May:0 Mar:0 Jun:0,3,https://www.xcontest.org/world/en/flights-search/?filter[point]=12.3111%2047.5528&list[sort]=pts&list[dir]=down&filter[radius]=1000&list[num]=100,12.3111,47.5528
Pardatschgra...,Austria,49.9 km,Apr Mar,60,0,2,4,19,Feb:1 Apr:1 Mar:1 Dec:0 Jan:0,4,https://www.xcontest.org/world/en/flights-search/?filter[point]=10.3207%2046.9915&list[sort]=pts&list[dir]=down&filter[radius]=1000&list[num]=100,10.3207,46.9915
Jageregg,Austria,2.17 km,Dec Apr Oct Jan Mar May Feb Sep Aug Jun Nov Jul,60,0,0,0,0,Dec:1 Apr:0 Oct:0 Feb:0 Jan:0 Aug:0 Jun:0 Mar:0 Nov:0 Sep:0 May:0 Jul:0,10,https://www.xcontest.org/world/en/flights-search/?filter[point]=12.83412%2047.29412&list[sort]=pts&list[dir]=down&filter[radius]=1000&list[num]=100,12.83412,47.29412
Graukogel,Austria,41.97 km,May,59,0,0,0,9,May:1 Apr:0 Oct:0 Jun:0 Nov:0 Jul:0,4,https://www.xcontest.org/world/en/flights-search/?filter[point]=13.147567%2047.1092&list[sort]=pts&list[dir]=down&filter[radius]=1000&list[num]=100,13.147567,47.1092
Ischgl,Austria,120.9 km,Feb Apr Mar Dec Jan,59,0,2,4,19,Feb:1 Apr:1 Mar:1 Dec:0 Jan:0,4,https://www.xcontest.org/world/en/flights-search/?filter[point]=10.32345%2046.990767&list[sort]=pts&list[dir]=down&filter[radius]=1000&list[num]=100,10.32345,46.990767
Rauchbauer,Austria,99.96 km,Jul Apr,59,0,1,17,33,Apr:0 Jul:0 May:0 Sep:0 Dec:0 Aug:0,2,https://www.xcontest.org/world/en/flights-search/?filter[point]=14.91903%2046.82498&list[sort]=pts&list[dir]=down&filter[radius]=1000&list[num]=100,14.91903,46.82498
Zell im Zill...,Austria,35.44 km,Aug Jul May Jun,59,0,0,2,23,Jul:0 Apr:0 Jun:0 Aug:0 Feb:0 Jan:0 Mar:0 Dec:0,4,https://www.xcontest.org/world/en/flights-search/?filter[point]=11.9472%2047.2446&list[sort]=pts&list[dir]=down&filter[radius]=1000&list[num]=100,11.9472,47.2446
Dachstein,Austria,74.89 km,Sep Aug Nov Oct Jul Apr Dec Feb Mar May Jun,58,0,0,7,25,Aug:0 Sep:0 Nov:0 Apr:0 Oct:0 Mar:0 Jul:0 Jun:0 Dec:0 May:0,2,https://www.xcontest.org/world/en/flights-search/?filter[point]=13.6205%2047.47085&list[sort]=pts&list[dir]=down&filter[radius]=1000&list[num]=100,13.6205,47.47085
Feichtkogel,Austria,195.27 km,Mar May Apr Aug Jul Jun Sep,55,0,16,37,53,Mar:1 May:1 Apr:1 Aug:0 Jul:0 Jun:0 Sep:0,5,https://www.xcontest.org/world/en/flights-search/?filter[point]=15.5635%2047.4038&list[sort]=pts&list[dir]=down&filter[radius]=1000&list[num]=100,15.5635,47.4038
Ferlacher Horn,Austria,65.3 km,Aug May Jun Jul Nov Apr Feb Oct,55,0,0,3,6,Aug:0 May:0 Jul:0 Jun:0 Apr:0 Nov:0 Oct:0 Feb:0 Sep:0 Dec:0,4,https://www.xcontest.org/world/en/flights-search/?filter[point]=14.3145%2046.48662&list[sort]=pts&list[dir]=down&filter[radius]=1000&list[num]=100,14.3145,46.48662
Faistenauer ...,Austria,53.48 km,Jun Oct May Jul Sep Aug Feb Apr Nov Jan Dec,55,0,0,1,6,Jun:1 Oct:0 Jul:0 May:0 Sep:0 Aug:0 Dec:0 Nov:0 Apr:0 Feb:0 Jan:0,5,https://www.xcontest.org/world/en/flights-search/?filter[point]=13.3047%2047.74888&list[sort]=pts&list[dir]=down&filter[radius]=1000&list[num]=100,13.3047,47.74888
Mirnock,Austria,37.5 km,Oct Aug Sep Jul Jun Dec May,54,0,0,0,5,Oct:0 Jun:0 Dec:0 Jul:0 Aug:0 Sep:0 May:0 Apr:0 Mar:0,5,https://www.xcontest.org/world/en/flights-search/?filter[point]=13.71263%2046.75612&list[sort]=pts&list[dir]=down&filter[radius]=1000&list[num]=100,13.71263,46.75612
Pfunds,Austria,267.77 km,Jun May Apr Aug Jul Oct Sep,52,5,12,27,38,Jun:0 May:0 Sep:0 Apr:0 Aug:0,1,https://www.xcontest.org/world/en/flights-search/?filter[point]=10.495452%2046.970925&list[sort]=pts&list[dir]=down&filter[radius]=1000&list[num]=100,10.495452,46.970925
Schreilechner,Austria,26.28 km,Sep Mar Apr Jul Aug May Jun Oct,51,0,0,0,2,Sep:0 Aug:0 Apr:0 Mar:0 Oct:0 Jun:0 Jul:0 May:0 Feb:0 Nov:0,5,https://www.xcontest.org/world/en/flights-search/?filter[point]=14.26927%2047.21852&list[sort]=pts&list[dir]=down&filter[radius]=1000&list[num]=100,14.26927,47.21852
Korein,Austria,57.94 km,May Apr Jun Dec Nov Aug Jul,51,0,0,3,20,May:1 Apr:0 Dec:0 Jun:0 Nov:0 Aug:0 Jul:0 Mar:0 Sep:0,5,https://www.xcontest.org/world/en/flights-search/?filter[point]=13.348917%2047.469283&list[sort]=pts&list[dir]=down&filter[radius]=1000&list[num]=100,13.348917,47.469283
Patscherkofel,Austria,126.94 km,Aug Jul Sep Mar Jun Jan May Feb,50,0,3,7,19,Aug:0 Sep:0 Jul:0 Mar:0 May:0 Jun:0 Feb:0 Jan:0,2,https://www.xcontest.org/world/en/flights-search/?filter[point]=11.4634%2047.20925&list[sort]=pts&list[dir]=down&filter[radius]=1000&list[num]=100,11.4634,47.20925
Gradnalm,Austria,174.57 km,Jun May Apr Sep Jul Aug Mar Oct Dec,49,0,1,6,14,Apr:1 May:1 Jun:0 Aug:0 Jul:0 Sep:0 Mar:0 Dec:0 Oct:0,4,https://www.xcontest.org/world/en/flights-search/?filter[point]=14.08268%2047.86252&list[sort]=pts&list[dir]=down&filter[radius]=1000&list[num]=100,14.08268,47.86252
Schwoager,Austria,48.06 km,May Sep Aug Oct Jul Mar,47,0,0,0,9,Sep:0 Mar:0 Oct:0 May:0 Nov:0 Apr:0 Feb:0 Dec:0 Jul:0,2,https://www.xcontest.org/world/en/flights-search/?filter[point]=14.17422%2047.51857&list[sort]=pts&list[dir]=down&filter[radius]=1000&list[num]=100,14.17422,47.51857
Erlsberg,Austria,5.87 km,Jan Dec Feb Jul Oct Nov Apr Aug Mar,47,0,0,0,0,Jan:0 Feb:0 Jul:0 Dec:0 Mar:0 Nov:0 Aug:0 Apr:0,2,https://www.xcontest.org/world/en/flights-search/?filter[point]=14.13485%2047.48127&list[sort]=pts&list[dir]=down&filter[radius]=1000&list[num]=100,14.13485,47.48127
Frauenalpe,Austria,25.34 km,Aug Jun Feb Jul May Mar Sep Nov Jan Apr Dec,46,0,0,0,6,Aug:0 Feb:0 Jun:0 Nov:0 Sep:0 Jul:0 Jan:0 Mar:0 Apr:0 Dec:0 May:0,3,https://www.xcontest.org/world/en/flights-search/?filter[point]=14.1471%2047.072967&list[sort]=pts&list[dir]=down&filter[radius]=1000&list[num]=100,14.1471,47.072967
Schlöglmoar,Austria,81.3 km,Oct,46,0,0,1,1,Oct:0 Sep:0 Mar:0 Aug:0 May:0,3,https://www.xcontest.org/world/en/flights-search/?filter[point]=15.3305%2047.2871&list[sort]=pts&list[dir]=down&filter[radius]=1000&list[num]=100,15.3305,47.2871
Schneealm,Austria,158.21 km,Sep Oct Aug Jun Apr Jul Nov,46,0,1,3,14,Sep:0 Aug:0 Jun:0 Oct:0 Apr:0 Nov:0 Jul:0,3,https://www.xcontest.org/world/en/flights-search/?filter[point]=15.60177%2047.683&list[sort]=pts&list[dir]=down&filter[radius]=1000&list[num]=100,15.60177,47.683
Lochnerhorn,Austria,91.19 km,Jun,46,0,1,6,16,Jun:0 Apr:0 Jul:0,1,https://www.xcontest.org/world/en/flights-search/?filter[point]=12.32625%2047.678495&list[sort]=pts&list[dir]=down&filter[radius]=1000&list[num]=100,12.32625,47.678495
Aineck,Austria,181.97 km,Aug Jul Dec Jan Feb Apr Sep Mar Jun,44,0,2,3,4,Aug:1 Jul:0 Dec:0 Feb:0 Jan:0 Apr:0,2,https://www.xcontest.org/world/en/flights-search/?filter[point]=13.637%2047.057&list[sort]=pts&list[dir]=down&filter[radius]=1000&list[num]=100,13.637,47.057
Zwölferkogel,Austria,9.56 km,Feb Mar Jan Aug,44,0,0,0,0,Feb:0 Mar:0 Aug:0 Jan:0 Jul:0 Sep:0 Dec:0,2,https://www.xcontest.org/world/en/flights-search/?filter[point]=12.56645%2047.35737&list[sort]=pts&list[dir]=down&filter[radius]=1000&list[num]=100,12.56645,47.35737
Tennengebirge,Austria,17.77 km,Oct Nov Jul Sep Dec,44,0,0,0,2,Nov:0 Aug:0 Dec:0 Oct:0 Sep:0 Jun:0 Jul:0,3,https://www.xcontest.org/world/en/flights-search/?filter[point]=13.29322%2047.49198&list[sort]=pts&list[dir]=down&filter[radius]=1000&list[num]=100,13.29322,47.49198
Freiberg,Austria,3.74 km,Dec,44,0,0,0,0,Dec:2 Nov:0 Sep:0 Oct:0 Apr:0 Feb:0 Mar:0 Jun:0 Jul:0 Aug:0 May:0,4,https://www.xcontest.org/world/en/flights-search/?filter[point]=14.07907%2047.17032&list[sort]=pts&list[dir]=down&filter[radius]=1000&list[num]=100,14.07907,47.17032
Napf,Austria,19.79 km,Oct Nov,44,0,0,0,2,Nov:0 Aug:0 Dec:0 Oct:0 Sep:0 Jun:0 Jul:0,3,https://www.xcontest.org/world/en/flights-search/?filter[point]=13.2894%2047.4917&list[sort]=pts&list[dir]=down&filter[radius]=1000&list[num]=100,13.2894,47.4917
Petersberg,Austria,6.52 km,Jan,43,0,0,0,0,Jan:0 Feb:0,1,https://www.xcontest.org/world/en/flights-search/?filter[point]=14.243333%2047.181133&list[sort]=pts&list[dir]=down&filter[radius]=1000&list[num]=100,14.243333,47.181133
Rötelstein,Austria,162.63 km,Oct Aug Sep May Jul,43,0,2,12,22,Oct:1 Aug:1 Sep:0 May:0 Jul:0,3,https://www.xcontest.org/world/en/flights-search/?filter[point]=13.56005%2047.4577&list[sort]=pts&list[dir]=down&filter[radius]=1000&list[num]=100,13.56005,47.4577
Hoher Nock,Austria,104.94 km,Sep Oct Nov Aug Jul Jun Apr May,43,0,1,3,13,Sep:1 Oct:0 Nov:0 Jun:0 Aug:0 Jul:0 Apr:0,2,https://www.xcontest.org/world/en/flights-search/?filter[point]=14.322513%2047.783692&list[sort]=pts&list[dir]=down&filter[radius]=1000&list[num]=100,14.322513,47.783692
Heukuppe,Austria,105.76 km,Sep Oct Jan Aug May Jul Apr Feb Nov,43,0,1,5,16,Oct:0 Sep:0 Jul:0 Aug:0 May:0 Mar:0 Apr:0 Jan:0 Jun:0 Nov:0,3,https://www.xcontest.org/world/en/flights-search/?filter[point]=15.689%2047.68882&list[sort]=pts&list[dir]=down&filter[radius]=1000&list[num]=100,15.689,47.68882
Stolzalpe,Austria,27.06 km,Feb Aug Apr Mar Nov Jul Jun Dec Jan May,42,0,0,0,1,Feb:0 Aug:0 Mar:0 Apr:0 Jun:0 Jul:0 Dec:0 Nov:0 May:0 Jan:0,10,https://www.xcontest.org/world/en/flights-search/?filter[point]=14.19522%2047.1171&list[sort]=pts&list[dir]=down&filter[radius]=1000&list[num]=100,14.19522,47.1171
Hirschbichl,Austria,254.3 km,May Apr,42,7,11,17,26,Apr:0 May:0 Feb:0 Jan:0,3,https://www.xcontest.org/world/en/flights-search/?filter[point]=11.83987%2047.24965&list[sort]=pts&list[dir]=down&filter[radius]=1000&list[num]=100,11.83987,47.24965
Zillreith,Austria,67.77 km,Nov Oct Dec Mar Apr Jul May Sep Jan Feb Jun,41,0,0,1,1,Nov:1 Oct:0 Dec:0 Jul:0 Apr:0 May:0 Sep:0 Jun:0 Mar:0 Feb:0 Jan:0,3,https://www.xcontest.org/world/en/flights-search/?filter[point]=13.2131%2047.681883&list[sort]=pts&list[dir]=down&filter[radius]=1000&list[num]=100,13.2131,47.681883
Gschaid,Austria,83.33 km,May Sep,41,0,0,4,15,Jun:0 Mar:0 Sep:0 Aug:0 May:0 Oct:0 Jul:0 Feb:0 Nov:0 Jan:0 Apr:0,2,https://www.xcontest.org/world/en/flights-search/?filter[point]=15.43745%2047.3051&list[sort]=pts&list[dir]=down&filter[radius]=1000&list[num]=100,15.43745,47.3051
Rittisberg,Austria,65.2 km,Aug May Jul Jun Oct Mar Sep,41,0,0,2,10,Aug:1 Jul:0 Jun:0 Mar:0 May:0 Oct:0 Apr:0,2,https://www.xcontest.org/world/en/flights-search/?filter[point]=13.61428%2047.4197&list[sort]=pts&list[dir]=down&filter[radius]=1000&list[num]=100,13.61428,47.4197
Brandstadl,Austria,66.39 km,Apr,40,0,0,2,14,Apr:1 Aug:0 Oct:0 May:0 Mar:0 Feb:0 Jun:0 Sep:0 Jan:0,5,https://www.xcontest.org/world/en/flights-search/?filter[point]=12.23862%2047.49195&list[sort]=pts&list[dir]=down&filter[radius]=1000&list[num]=100,12.23862,47.49195
Imst Alpjoch,Austria,94.38 km,Jan Feb Aug Mar Dec,40,0,0,2,6,Nov:0 Aug:0 Sep:0 Jul:0 Jan:0 Dec:0 Oct:0 Feb:0 Jun:0,2,https://www.xcontest.org/world/en/flights-search/?filter[point]=10.6843%2047.254&list[sort]=pts&list[dir]=down&filter[radius]=1000&list[num]=100,10.6843,47.254
Hochimst,Austria,63.52 km,Jul Aug Nov Jan Sep May Jun Oct Dec,40,0,0,2,6,Nov:0 Aug:0 Sep:0 Jul:0 Jan:0 Dec:0 Oct:0 Feb:0 Jun:0,2,https://www.xcontest.org/world/en/flights-search/?filter[point]=10.68537%2047.25303&list[sort]=pts&list[dir]=down&filter[radius]=1000&list[num]=100,10.68537,47.25303
Grins,Austria,158.98 km,May Apr,38,0,7,20,25,May:0 Jun:0,2,https://www.xcontest.org/world/en/flights-search/?filter[point]=10.48738%2047.146&list[sort]=pts&list[dir]=down&filter[radius]=1000&list[num]=100,10.48738,47.146
Reißeck,Austria,129.89 km,Oct Jul Jun Sep Aug Dec,38,0,2,5,15,Oct:0 Jul:0 Jun:0 Aug:0 Sep:0 Dec:0,2,https://www.xcontest.org/world/en/flights-search/?filter[point]=13.33483%2046.90217&list[sort]=pts&list[dir]=down&filter[radius]=1000&list[num]=100,13.33483,46.90217
Tolzer,Austria,60.73 km,Oct Aug Jul May Sep Jun Apr Feb Dec Jan,38,0,0,1,6,Jul:0 Aug:0 Jun:0 May:0 Sep:0 Oct:0 Dec:0 Apr:0,2,https://www.xcontest.org/world/en/flights-search/?filter[point]=13.20007%2046.78793&list[sort]=pts&list[dir]=down&filter[radius]=1000&list[num]=100,13.20007,46.78793
Härmelekopf,Austria,28.63 km,Sep Apr Oct Aug,38,0,0,0,4,Oct:0 Aug:0 Jun:0 Sep:0 Jul:0 Jan:0 Apr:0 Feb:0,3,https://www.xcontest.org/world/en/flights-search/?filter[point]=11.2255%2047.3276&list[sort]=pts&list[dir]=down&filter[radius]=1000&list[num]=100,11.2255,47.3276
Schesaplana,Austria,33.44 km,Oct Nov,38,0,0,0,14,Oct:1 Nov:0 Sep:0 Dec:0 Aug:0,2,https://www.xcontest.org/world/en/flights-search/?filter[point]=9.70793%2047.05312&list[sort]=pts&list[dir]=down&filter[radius]=1000&list[num]=100,9.70793,47.05312
Kappl,Austria,111.16 km,Mar Feb,37,0,3,16,25,Mar:0 Feb:0 Apr:0 Jan:0 Dec:0,2,https://www.xcontest.org/world/en/flights-search/?filter[point]=10.34583%2047.07453&list[sort]=pts&list[dir]=down&filter[radius]=1000&list[num]=100,10.34583,47.07453
Vorderunnütz,Austria,31.94 km,Oct Jul Aug Dec Sep,37,0,0,0,3,Oct:0 Sep:0 Jul:0 Nov:0 Aug:0 Jun:0 Jan:0 Dec:0,3,https://www.xcontest.org/world/en/flights-search/?filter[point]=11.734193%2047.521402&list[sort]=pts&list[dir]=down&filter[radius]=1000&list[num]=100,11.734193,47.521402
Alblittkopf,Austria,8.67 km,Jan,37,0,3,16,25,Mar:0 Feb:0 Apr:0 Jan:0 Dec:0,2,https://www.xcontest.org/world/en/flights-search/?filter[point]=10.3401%2047.0818&list[sort]=pts&list[dir]=down&filter[radius]=1000&list[num]=100,10.3401,47.0818
Schareck,Austria,109.84 km,Mar Feb Aug Jan Dec Apr Jul Nov Sep Jun,36,0,2,7,14,Mar:0 Feb:0 Aug:0 Dec:0 Apr:0 Jul:0 Nov:0 Jun:0 Jan:0,3,https://www.xcontest.org/world/en/flights-search/?filter[point]=12.85913%2047.06565&list[sort]=pts&list[dir]=down&filter[radius]=1000&list[num]=100,12.85913,47.06565
Hochbifang,Austria,54.16 km,May Jun Jul Mar Aug Oct Apr Sep Nov,36,0,0,1,6,May:0 Jun:0 Mar:0 Aug:0 Jul:0 Oct:0 Nov:0 Apr:0 Sep:0,2,https://www.xcontest.org/world/en/flights-search/?filter[point]=13.4527%2047.35363&list[sort]=pts&list[dir]=down&filter[radius]=1000&list[num]=100,13.4527,47.35363
Kampl,Austria,202.7 km,Jun Aug,36,1,9,13,19,May:0 Aug:0 Apr:0 Jun:0 Mar:0,2,https://www.xcontest.org/world/en/flights-search/?filter[point]=13.87692%2047.58865&list[sort]=pts&list[dir]=down&filter[radius]=1000&list[num]=100,13.87692,47.58865
Großer Pyhrgas,Austria,79.9 km,Aug Nov Sep Oct Jun Dec May Mar,36,0,0,4,8,Aug:0 Jun:0 Nov:0 Oct:0 Sep:0 Dec:0 Mar:0 May:0,3,https://www.xcontest.org/world/en/flights-search/?filter[point]=14.3966%2047.65293&list[sort]=pts&list[dir]=down&filter[radius]=1000&list[num]=100,14.3966,47.65293
Zetz,Austria,8.37 km,Sep Oct Dec Aug Jan Jul Jun Nov May Feb,36,0,0,0,0,Dec:0 Sep:0 Aug:0 Nov:0 Jun:0 Jul:0 Oct:0 Feb:0 Jan:0 May:0,3,https://www.xcontest.org/world/en/flights-search/?filter[point]=15.63905%2047.29245&list[sort]=pts&list[dir]=down&filter[radius]=1000&list[num]=100,15.63905,47.29245
Unnütz,Austria,9.31 km,Oct,36,0,0,0,3,Oct:0 Sep:0 Jul:0 Nov:0 Aug:0 Jun:0 Jan:0 Dec:0,3,https://www.xcontest.org/world/en/flights-search/?filter[point]=11.7353%2047.5141&list[sort]=pts&list[dir]=down&filter[radius]=1000&list[num]=100,11.7353,47.5141
Marterle,Austria,267.1 km,Oct Sep Nov Aug Apr Dec Jan Jul Jun May,35,2,5,9,25,Nov:0 Sep:0 Aug:0 Apr:0 Oct:0 Jul:0 May:0 Jan:0 Dec:0 Jun:0,2,https://www.xcontest.org/world/en/flights-search/?filter[point]=12.93432%2046.88692&list[sort]=pts&list[dir]=down&filter[radius]=1000&list[num]=100,12.93432,46.88692
Rote Wand,Austria,73.14 km,May,35,0,0,1,8,May:1 Jul:0 Jun:0 Feb:0 Dec:0 Apr:0 Oct:0,2,https://www.xcontest.org/world/en/flights-search/?filter[point]=15.41638%2047.33968&list[sort]=pts&list[dir]=down&filter[radius]=1000&list[num]=100,15.41638,47.33968
Wandelitzen,Austria,84.91 km,Apr Mar May Jun,34,0,0,2,15,Mar:0 Apr:0 May:0 Jun:0,3,https://www.xcontest.org/world/en/flights-search/?filter[point]=14.63488%2046.70342&list[sort]=pts&list[dir]=down&filter[radius]=1000&list[num]=100,14.63488,46.70342
Silberberg,Austria,8.96 km,Jan,34,0,0,0,0,Jan:0 Oct:0 Feb:0 Dec:0 Sep:0 Mar:0,2,https://www.xcontest.org/world/en/flights-search/?filter[point]=15.226433%2047.208533&list[sort]=pts&list[dir]=down&filter[radius]=1000&list[num]=100,15.226433,47.208533
Maltaberg,Austria,23.97 km,Jun Jul May Apr Oct Mar Aug Sep Jan Feb Nov,34,0,0,0,4,Apr:0 Jun:0 Mar:0 Oct:0 May:0 Aug:0 Jul:0 Sep:0 Feb:0,2,https://www.xcontest.org/world/en/flights-search/?filter[point]=13.5105%2046.971&list[sort]=pts&list[dir]=down&filter[radius]=1000&list[num]=100,13.5105,46.971
Widersberger...,Austria,21.94 km,Aug Jul,34,0,0,1,5,Jul:0 Nov:0 Sep:0 Jun:0 Dec:0 Mar:0 Oct:0 May:0,1,https://www.xcontest.org/world/en/flights-search/?filter[point]=11.9234%2047.3586&list[sort]=pts&list[dir]=down&filter[radius]=1000&list[num]=100,11.9234,47.3586
Stuhleck,Austria,63.9 km,Aug Sep May Jan Feb Oct Jul Mar,33,0,0,1,9,Sep:0 May:0 Aug:0 Jan:0 Jul:0 Mar:0 Oct:0 Feb:0,3,https://www.xcontest.org/world/en/flights-search/?filter[point]=15.7904%2047.57365&list[sort]=pts&list[dir]=down&filter[radius]=1000&list[num]=100,15.7904,47.57365
Mönichwald,Austria,110.71 km,Apr Aug Jun Mar May Jul Sep Oct,33,0,6,9,15,Apr:0 Aug:0 Jun:0 Mar:0 Oct:0 May:0,3,https://www.xcontest.org/world/en/flights-search/?filter[point]=15.88052%2047.4884&list[sort]=pts&list[dir]=down&filter[radius]=1000&list[num]=100,15.88052,47.4884
Sajathütte,Austria,42.84 km,Sep Aug,33,0,0,0,11,Aug:0 Sep:0 Jul:0 Jun:0,1,https://www.xcontest.org/world/en/flights-search/?filter[point]=12.3525%2047.0371&list[sort]=pts&list[dir]=down&filter[radius]=1000&list[num]=100,12.3525,47.0371
Voldöpp,Austria,57.15 km,Oct Apr May Nov Sep,32,0,0,2,6,Oct:0 May:0 Apr:0 Nov:0 Sep:0 Mar:0 Jul:0 Aug:0 Jun:0,2,https://www.xcontest.org/world/en/flights-search/?filter[point]=11.8901%2047.47432&list[sort]=pts&list[dir]=down&filter[radius]=1000&list[num]=100,11.8901,47.47432
Hochschwab,Austria,72.85 km,Sep Oct Aug Nov Jun Apr Mar,32,0,0,2,8,Nov:0 Jun:0 Oct:0 Sep:0 Aug:0 Mar:0 Jul:0,2,https://www.xcontest.org/world/en/flights-search/?filter[point]=15.1429%2047.61792&list[sort]=pts&list[dir]=down&filter[radius]=1000&list[num]=100,15.1429,47.61792
Tschiernock ...,Austria,21.62 km,Aug,32,0,0,2,11,Jun:0 Sep:0 May:0 Oct:0,1,https://www.xcontest.org/world/en/flights-search/?filter[point]=13.5534%2046.857&list[sort]=pts&list[dir]=down&filter[radius]=1000&list[num]=100,13.5534,46.857
Tschiernock,Austria,51.58 km,Aug May Apr,31,0,0,2,11,Jun:0 Sep:0 May:0,1,https://www.xcontest.org/world/en/flights-search/?filter[point]=13.55228%2046.85855&list[sort]=pts&list[dir]=down&filter[radius]=1000&list[num]=100,13.55228,46.85855
Giggijoch,Austria,138.08 km,Feb,31,0,2,4,6,Feb:1 Mar:0 Apr:0 Aug:0 Jan:0,1,https://www.xcontest.org/world/en/flights-search/?filter[point]=10.9772%2046.9793&list[sort]=pts&list[dir]=down&filter[radius]=1000&list[num]=100,10.9772,46.9793
Schartnerkogel,Austria,5.84 km,Mar Aug Jul May Oct Feb Jan Apr Jun Sep Nov Dec,31,0,0,0,0,Mar:0 Aug:0 Jul:0 May:0 Feb:0 Apr:0 Oct:0 Jun:0 Dec:0 Nov:0 Jan:0 Sep:0,7,https://www.xcontest.org/world/en/flights-search/?filter[point]=15.30507%2047.1976&list[sort]=pts&list[dir]=down&filter[radius]=1000&list[num]=100,15.30507,47.1976
Stubeck,Austria,32.81 km,Aug Oct,29,0,0,0,5,Oct:0 Aug:0 Dec:0 Nov:0 Sep:0 Jul:0 May:0 Apr:0,2,https://www.xcontest.org/world/en/flights-search/?filter[point]=13.53592%2046.99297&list[sort]=pts&list[dir]=down&filter[radius]=1000&list[num]=100,13.53592,46.99297
Premhub,Austria,33.52 km,Apr,29,0,0,0,6,Apr:0 May:0 Mar:0 Jul:0 Feb:0 Jun:0,2,https://www.xcontest.org/world/en/flights-search/?filter[point]=13.75627%2047.84935&list[sort]=pts&list[dir]=down&filter[radius]=1000&list[num]=100,13.75627,47.84935
Größenberg,Austria,15.33 km,Oct Nov Sep Jul Dec Aug Feb,29,0,0,0,0,Oct:1 Nov:0 Sep:0 Dec:0 Jul:0 Feb:0,3,https://www.xcontest.org/world/en/flights-search/?filter[point]=14.79158%2047.08077&list[sort]=pts&list[dir]=down&filter[radius]=1000&list[num]=100,14.79158,47.08077
Rossfeld,Austria,83.63 km,May Apr Nov Aug Mar Jun Dec Sep Jan Oct,29,0,0,2,7,Nov:0 Jun:0 Aug:0 Dec:0 Mar:0 May:0 Oct:0 Sep:0 Apr:0 Jan:0,2,https://www.xcontest.org/world/en/flights-search/?filter[point]=13.09505%2047.62735&list[sort]=pts&list[dir]=down&filter[radius]=1000&list[num]=100,13.09505,47.62735
Gumpeneck,Austria,27.17 km,Jul Jun Nov May Aug Apr Oct Sep,28,0,0,0,3,Jul:0 Nov:0 Jun:0 May:0 Aug:0 Apr:0,2,https://www.xcontest.org/world/en/flights-search/?filter[point]=14.0149%2047.39748&list[sort]=pts&list[dir]=down&filter[radius]=1000&list[num]=100,14.0149,47.39748
Hochserner,Austria,42.35 km,Apr May Mar Jul Jun Aug Feb Sep,28,0,0,0,8,Apr:1 May:0 Mar:0 Jul:0 Sep:0 Jun:0 Feb:0,3,https://www.xcontest.org/world/en/flights-search/?filter[point]=13.28842%2047.88758&list[sort]=pts&list[dir]=down&filter[radius]=1000&list[num]=100,13.28842,47.88758
Rosenkogel,Austria,41.87 km,Oct,27,0,0,0,1,Oct:1 Nov:0 Sep:0 Jul:0,2,https://www.xcontest.org/world/en/flights-search/?filter[point]=14.55202%2047.29695&list[sort]=pts&list[dir]=down&filter[radius]=1000&list[num]=100,14.55202,47.29695
Wetterkreuz ...,Austria,30.65 km,Dec Jan,27,0,0,0,1,Apr:0 Jul:0 Aug:0 Mar:0,1,https://www.xcontest.org/world/en/flights-search/?filter[point]=12.9444%2047.2136&list[sort]=pts&list[dir]=down&filter[radius]=1000&list[num]=100,12.9444,47.2136
Pichlberg,Austria,29.49 km,Apr Jul May,27,0,0,0,5,Apr:0 May:0 Jul:0,2,https://www.xcontest.org/world/en/flights-search/?filter[point]=12.84033%2047.27212&list[sort]=pts&list[dir]=down&filter[radius]=1000&list[num]=100,12.84033,47.27212
Gaisberg Kir...,Austria,103.69 km,May,27,0,1,6,15,May:1 Jun:0 Apr:0,2,https://www.xcontest.org/world/en/flights-search/?filter[point]=12.30038%2047.43425&list[sort]=pts&list[dir]=down&filter[radius]=1000&list[num]=100,12.30038,47.43425
Schönberg,Austria,114.05 km,Apr Mar Nov,26,0,1,1,2,Nov:0 Apr:0 Mar:0 Oct:0 Feb:0 Sep:0,2,https://www.xcontest.org/world/en/flights-search/?filter[point]=14.36188%2047.18848&list[sort]=pts&list[dir]=down&filter[radius]=1000&list[num]=100,14.36188,47.18848
Rennfeld,Austria,28.94 km,Aug Jul May Nov Jun Dec Oct Apr Jan Mar,26,0,0,1,3,Jul:0 May:0 Aug:0 Jun:0 Apr:0 Nov:0 Jan:0 Mar:0 Dec:0 Oct:0 Sep:0,4,https://www.xcontest.org/world/en/flights-search/?filter[point]=15.35995%2047.40342&list[sort]=pts&list[dir]=down&filter[radius]=1000&list[num]=100,15.35995,47.40342
Zinken,Austria,20.76 km,Jul Aug May Jun,26,0,0,0,1,Jul:0,2,https://www.xcontest.org/world/en/flights-search/?filter[point]=13.08862%2047.64948&list[sort]=pts&list[dir]=down&filter[radius]=1000&list[num]=100,13.08862,47.64948
Gamsfeld,Austria,47.12 km,Oct Nov Sep Aug Dec May Jan,25,0,0,0,3,Oct:0 Nov:0 Aug:0 Sep:0 May:0 Dec:0,2,https://www.xcontest.org/world/en/flights-search/?filter[point]=13.47708%2047.62123&list[sort]=pts&list[dir]=down&filter[radius]=1000&list[num]=100,13.47708,47.62123
,Austria,57.32 km,Apr Jan Nov Mar Aug,25,0,0,3,7,Apr:0,1,https://www.xcontest.org/world/en/flights-search/?filter[point]=11.8715%2047.379&list[sort]=pts&list[dir]=down&filter[radius]=1000&list[num]=100,11.8715,47.379
Karwendelspitze,Austria,151.45 km,Aug Sep Jul Oct Apr,25,0,6,15,19,Sep:0 Oct:0 Apr:0 Jul:0,1,https://www.xcontest.org/world/en/flights-search/?filter[point]=11.29698%2047.42813&list[sort]=pts&list[dir]=down&filter[radius]=1000&list[num]=100,11.29698,47.42813
Mittagskogel,Austria,18.11 km,Nov Oct Sep Feb,24,0,0,1,3,Oct:0 Sep:0 Nov:0 May:0 Dec:0 Aug:0 Jul:0 Feb:0 Jun:0,2,https://www.xcontest.org/world/en/flights-search/?filter[point]=14.48953%2047.6341&list[sort]=pts&list[dir]=down&filter[radius]=1000&list[num]=100,14.48953,47.6341
Sonnwendjoch,Austria,24.95 km,Sep,24,0,0,1,3,Sep:0 Apr:0 Dec:0,1,https://www.xcontest.org/world/en/flights-search/?filter[point]=11.7989%2047.4445&list[sort]=pts&list[dir]=down&filter[radius]=1000&list[num]=100,11.7989,47.4445
Admonter Haus,Austria,26.01 km,Nov Oct,24,0,0,1,3,Oct:0 Sep:0 Nov:0 May:0 Dec:0 Aug:0 Jul:0 Feb:0 Jun:0,2,https://www.xcontest.org/world/en/flights-search/?filter[point]=14.4907%2047.63122&list[sort]=pts&list[dir]=down&filter[radius]=1000&list[num]=100,14.4907,47.63122
Mitterberg,Austria,59.43 km,Aug Mar May Jul Sep Oct Feb,23,0,0,3,9,Aug:0 May:0 Mar:0 Jul:0 Sep:0 Feb:0 Oct:0,3,https://www.xcontest.org/world/en/flights-search/?filter[point]=13.74975%2047.1233&list[sort]=pts&list[dir]=down&filter[radius]=1000&list[num]=100,13.74975,47.1233
Hoher Sarstein,Austria,46.76 km,Oct,23,0,0,0,2,Oct:0 Sep:0 Aug:0 Jun:0 Nov:0 Jul:0,2,https://www.xcontest.org/world/en/flights-search/?filter[point]=13.69737%2047.60172&list[sort]=pts&list[dir]=down&filter[radius]=1000&list[num]=100,13.69737,47.60172
Flugplatz Gm...,Austria,355.67 km,Jul Jun May Aug Sep Oct Apr,23,1,15,21,23,Jun:0 Jul:0 May:0 Aug:0 Oct:0 Apr:0 Sep:0,2,https://www.xcontest.org/world/en/flights-search/?filter[point]=13.86627%2047.95192&list[sort]=pts&list[dir]=down&filter[radius]=1000&list[num]=100,13.86627,47.95192
Stadelstein,Austria,6.51 km,Jul Feb Aug Sep Oct Nov Jan Jun Dec,23,0,0,0,2,May:0 Dec:0 Mar:0 Feb:0 Jul:0 Jun:0 Aug:0 Jan:0 Nov:0 Oct:0 Sep:0,2,https://www.xcontest.org/world/en/flights-search/?filter[point]=14.85383%2047.48922&list[sort]=pts&list[dir]=down&filter[radius]=1000&list[num]=100,14.85383,47.48922
Speikkogel,Austria,28.31 km,Jul May Mar Aug Jun Sep,23,0,0,0,2,May:0 Dec:0 Mar:0 Feb:0 Jul:0 Jun:0 Aug:0 Jan:0 Nov:0 Oct:0 Sep:0,2,https://www.xcontest.org/world/en/flights-search/?filter[point]=14.85327%2047.48602&list[sort]=pts&list[dir]=down&filter[radius]=1000&list[num]=100,14.85327,47.48602
Gmunden,Austria,155.88 km,Apr,23,1,15,21,23,Jun:0 Jul:0 May:0 Aug:0 Oct:0 Apr:0 Sep:0,2,https://www.xcontest.org/world/en/flights-search/?filter[point]=13.8726%2047.9524&list[sort]=pts&list[dir]=down&filter[radius]=1000&list[num]=100,13.8726,47.9524
Grimming,Austria,148.49 km,Aug Nov Jul Sep Apr Jun,22,0,5,10,12,Sep:0 Nov:0 Jul:0 Apr:0 Jun:0 Aug:0,1,https://www.xcontest.org/world/en/flights-search/?filter[point]=14.02733%2047.52882&list[sort]=pts&list[dir]=down&filter[radius]=1000&list[num]=100,14.02733,47.52882
Stöfflerberg,Austria,22.95 km,Jun May Jul Aug Dec Mar Feb Sep,22,0,0,0,1,Jun:0 May:0 Jul:0 Mar:0 Aug:0 Feb:0 Dec:0 Sep:0,4,https://www.xcontest.org/world/en/flights-search/?filter[point]=13.19373%2046.64898&list[sort]=pts&list[dir]=down&filter[radius]=1000&list[num]=100,13.19373,46.64898
Kleiner Priel,Austria,51.16 km,Nov Sep Jun Oct Aug May Jan Jul,22,0,0,1,1,Nov:0 Oct:0 Sep:0 Aug:0 Jun:0 May:0 Jul:0 Jan:0,2,https://www.xcontest.org/world/en/flights-search/?filter[point]=14.12897%2047.73218&list[sort]=pts&list[dir]=down&filter[radius]=1000&list[num]=100,14.12897,47.73218
Ritzau-Alm,Austria,21.58 km,Jul Jun May Aug Sep Apr,22,0,0,1,2,Apr:0 May:0 Nov:0 Aug:0 Jul:0,2,https://www.xcontest.org/world/en/flights-search/?filter[point]=12.2264%2047.6052&list[sort]=pts&list[dir]=down&filter[radius]=1000&list[num]=100,12.2264,47.6052
Scheffauer,Austria,46.28 km,Sep Oct,22,0,0,1,14,Aug:0 Oct:0 May:0 Dec:0,1,https://www.xcontest.org/world/en/flights-search/?filter[point]=12.255%2047.5527&list[sort]=pts&list[dir]=down&filter[radius]=1000&list[num]=100,12.255,47.5527
Hühnersberg,Austria,12.43 km,Oct Apr May Jul Jun Sep Feb Jan,21,0,0,0,0,Apr:0 May:0 Jun:0 Sep:0 Oct:0 Feb:0 Jul:0 Jan:0,2,https://www.xcontest.org/world/en/flights-search/?filter[point]=13.47507%2046.83903&list[sort]=pts&list[dir]=down&filter[radius]=1000&list[num]=100,13.47507,46.83903
Rockl,Austria,37.95 km,Mar Aug Apr Oct,20,0,0,0,1,Mar:0 Aug:0 Apr:0 Sep:0 Oct:0 May:0 Jul:0 Feb:0,2,https://www.xcontest.org/world/en/flights-search/?filter[point]=14.1612%2047.20367&list[sort]=pts&list[dir]=down&filter[radius]=1000&list[num]=100,14.1612,47.20367
Kühgundspitze,Austria,32.39 km,Jul Oct Apr Jan Jun Aug,20,0,0,0,7,Jun:0 May:0 Dec:0,1,https://www.xcontest.org/world/en/flights-search/?filter[point]=10.43%2047.5038&list[sort]=pts&list[dir]=down&filter[radius]=1000&list[num]=100,10.43,47.5038
Gehrenspitze,Austria,60.74 km,Sep Oct Aug Jul,20,0,0,1,9,Sep:0 Oct:0,1,https://www.xcontest.org/world/en/flights-search/?filter[point]=11.1305%2047.3851&list[sort]=pts&list[dir]=down&filter[radius]=1000&list[num]=100,11.1305,47.3851
Hoher Zinken,Austria,36.78 km,Jul Sep Nov Aug Dec Jun Oct,19,0,0,0,4,Sep:0 Jul:0 Dec:0 Nov:0 Jun:0 Oct:0 Aug:0,1,https://www.xcontest.org/world/en/flights-search/?filter[point]=13.34927%2047.6708&list[sort]=pts&list[dir]=down&filter[radius]=1000&list[num]=100,13.34927,47.6708
Gmeineck,Austria,24.15 km,Oct,19,0,0,0,3,Oct:0 Aug:0 Feb:0 Sep:0 Jul:0,1,https://www.xcontest.org/world/en/flights-search/?filter[point]=13.4372%2046.893967&list[sort]=pts&list[dir]=down&filter[radius]=1000&list[num]=100,13.4372,46.893967
Taubensee,Austria,154.84 km,Apr,19,0,4,10,12,Apr:0 Jul:0 Oct:0 Nov:0 Mar:0 Feb:0,2,https://www.xcontest.org/world/en/flights-search/?filter[point]=12.410883%2047.689767&list[sort]=pts&list[dir]=down&filter[radius]=1000&list[num]=100,12.410883,47.689767
Stuhlfelden,Austria,145.59 km,Apr,18,0,1,6,16,Apr:0 Mar:0,1,https://www.xcontest.org/world/en/flights-search/?filter[point]=12.51688%2047.29637&list[sort]=pts&list[dir]=down&filter[radius]=1000&list[num]=100,12.51688,47.29637
Hinteres Son...,Austria,113.1 km,May,18,0,2,7,10,May:0 Apr:0 Sep:0 Oct:0 Nov:0 Jul:0,2,https://www.xcontest.org/world/en/flights-search/?filter[point]=12.02305%2047.53198&list[sort]=pts&list[dir]=down&filter[radius]=1000&list[num]=100,12.02305,47.53198
Gmundnerberg,Austria,58.93 km,Mar Apr Feb May Oct Nov,17,0,0,1,2,Apr:0 Mar:0 Feb:0 Oct:0 May:0 Sep:0 Nov:0,2,https://www.xcontest.org/world/en/flights-search/?filter[point]=13.736467%2047.9059&list[sort]=pts&list[dir]=down&filter[radius]=1000&list[num]=100,13.736467,47.9059
Gstoder,Austria,54.85 km,Aug May,17,0,0,1,5,May:0 Aug:0 Jun:0 Nov:0,2,https://www.xcontest.org/world/en/flights-search/?filter[point]=13.9977%2047.1322&list[sort]=pts&list[dir]=down&filter[radius]=1000&list[num]=100,13.9977,47.1322
Hochkönig,Austria,40.08 km,Jul Feb Oct Aug Jun Sep Dec Nov,17,0,0,0,3,Oct:0 Jul:0 Feb:0 Aug:0 Sep:0 Dec:0 Nov:0,1,https://www.xcontest.org/world/en/flights-search/?filter[point]=13.06092%2047.41968&list[sort]=pts&list[dir]=down&filter[radius]=1000&list[num]=100,13.06092,47.41968
Grafenberg,Austria,220.47 km,May,17,3,8,10,14,May:0 Jun:0 Sep:0 Aug:0 Jul:0,2,https://www.xcontest.org/world/en/flights-search/?filter[point]=13.05005%2046.94613&list[sort]=pts&list[dir]=down&filter[radius]=1000&list[num]=100,13.05005,46.94613
Wanglspitz,Austria,12.0 km,Mar,17,0,0,0,0,Mar:0 Apr:0 Feb:0 Dec:0,3,https://www.xcontest.org/world/en/flights-search/?filter[point]=11.76335%2047.193483&list[sort]=pts&list[dir]=down&filter[radius]=1000&list[num]=100,11.76335,47.193483
Blassenstein,Austria,38.89 km,Mar Apr Feb,17,0,0,0,1,Apr:0 Mar:0 Oct:0 Dec:0 Feb:0 May:0,1,https://www.xcontest.org/world/en/flights-search/?filter[point]=15.19792%2047.99793&list[sort]=pts&list[dir]=down&filter[radius]=1000&list[num]=100,15.19792,47.99793
Matrei Kögele,Austria,103.78 km,Oct Nov Aug Jul Jun Sep,16,0,2,6,16,Oct:0 Dec:0 Jun:0 Nov:0 Aug:0,1,https://www.xcontest.org/world/en/flights-search/?filter[point]=12.56323%2047.02927&list[sort]=pts&list[dir]=down&filter[radius]=1000&list[num]=100,12.56323,47.02927
Kriegerhorn,Austria,72.77 km,Apr Dec Jan,16,0,0,1,7,Dec:0 Apr:0 Jan:0 Sep:0 Mar:0,2,https://www.xcontest.org/world/en/flights-search/?filter[point]=10.11583%2047.21372&list[sort]=pts&list[dir]=down&filter[radius]=1000&list[num]=100,10.11583,47.21372
Kirchenberg,Austria,27.89 km,May Sep Aug Oct Jul Jun,16,0,0,0,1,Sep:0 May:0 Oct:0,1,https://www.xcontest.org/world/en/flights-search/?filter[point]=15.75472%2048.019623&list[sort]=pts&list[dir]=down&filter[radius]=1000&list[num]=100,15.75472,48.019623
Preinerwandk...,Austria,27.96 km,Sep Oct May Aug Feb,16,0,0,0,4,Sep:0 Oct:0 Aug:0 Feb:0 May:0,1,https://www.xcontest.org/world/en/flights-search/?filter[point]=15.74098%2047.70275&list[sort]=pts&list[dir]=down&filter[radius]=1000&list[num]=100,15.74098,47.70275
Zirbitzkogel,Austria,28.42 km,Oct,16,0,0,0,1,Oct:0 Sep:0 Dec:0 Nov:0 Mar:0 Jul:0 Jan:0 Aug:0,2,https://www.xcontest.org/world/en/flights-search/?filter[point]=14.5685%2047.06148&list[sort]=pts&list[dir]=down&filter[radius]=1000&list[num]=100,14.5685,47.06148
Upsspitze,Austria,31.79 km,Jul Aug,16,0,0,2,3,Oct:0 Aug:0 Apr:0,1,https://www.xcontest.org/world/en/flights-search/?filter[point]=10.868%2047.43&list[sort]=pts&list[dir]=down&filter[radius]=1000&list[num]=100,10.868,47.43
Feldkögerl,Austria,11.33 km,Jul,16,0,0,0,2,Jul:0 Sep:0 Nov:0 May:0 Aug:0 Jun:0,1,https://www.xcontest.org/world/en/flights-search/?filter[point]=14.02953%2047.20182&list[sort]=pts&list[dir]=down&filter[radius]=1000&list[num]=100,14.02953,47.20182
Roßkogel,Austria,156.31 km,Jul,16,0,1,3,7,Jul:0 Nov:0 Jun:0,1,https://www.xcontest.org/world/en/flights-search/?filter[point]=11.83%2047.4636&list[sort]=pts&list[dir]=down&filter[radius]=1000&list[num]=100,11.83,47.4636
Thonreith,Austria,37.28 km,Apr,15,0,0,0,2,May:0 Mar:0 Apr:0,5,https://www.xcontest.org/world/en/flights-search/?filter[point]=14.99405%2048.01675&list[sort]=pts&list[dir]=down&filter[radius]=1000&list[num]=100,14.99405,48.01675
Ebenerfeld,Austria,94.98 km,Apr,15,0,0,7,12,May:0 Jul:0 Jun:0,1,https://www.xcontest.org/world/en/flights-search/?filter[point]=12.8122%2046.8464&list[sort]=pts&list[dir]=down&filter[radius]=1000&list[num]=100,12.8122,46.8464
Ochsenhalt,Austria,9.9 km,Sep Aug Oct Apr Nov,15,0,0,0,0,Sep:0 Aug:0 Oct:0 Nov:0 Apr:0,2,https://www.xcontest.org/world/en/flights-search/?filter[point]=15.54573%2047.32433&list[sort]=pts&list[dir]=down&filter[radius]=1000&list[num]=100,15.54573,47.32433
Brunnach,Austria,9.57 km,Sep Mar Aug Jun Oct May,14,0,0,0,0,Mar:0 Aug:0,1,https://www.xcontest.org/world/en/flights-search/?filter[point]=13.75215%2046.8578&list[sort]=pts&list[dir]=down&filter[radius]=1000&list[num]=100,13.75215,46.8578
Stieflberg,Austria,242.1 km,Jun,14,3,9,9,11,Jun:0 Sep:0 Aug:0,2,https://www.xcontest.org/world/en/flights-search/?filter[point]=12.99998%2046.9088&list[sort]=pts&list[dir]=down&filter[radius]=1000&list[num]=100,12.99998,46.9088
Seekarspitze,Austria,4.07 km,Jan Feb Mar Aug Dec Nov,14,0,0,0,0,Nov:0 Oct:0,1,https://www.xcontest.org/world/en/flights-search/?filter[point]=11.6819%2047.4788&list[sort]=pts&list[dir]=down&filter[radius]=1000&list[num]=100,11.6819,47.4788
Priedröf,Austria,60.44 km,Feb Mar Apr Jun Dec Nov Jan,13,0,0,1,1,Mar:0 Dec:0 Jun:0 Nov:0,1,https://www.xcontest.org/world/en/flights-search/?filter[point]=13.74293%2046.81948&list[sort]=pts&list[dir]=down&filter[radius]=1000&list[num]=100,13.74293,46.81948
Palnock,Austria,36.09 km,Oct,13,0,0,0,1,Nov:0 Sep:0 May:0 Oct:0 Jul:0 Apr:0,1,https://www.xcontest.org/world/en/flights-search/?filter[point]=13.73737%2046.71517&list[sort]=pts&list[dir]=down&filter[radius]=1000&list[num]=100,13.73737,46.71517
Ebenschlag,Austria,12.93 km,Dec Oct Aug Feb Sep,13,0,0,0,0,Dec:0 Oct:0 Sep:0 Aug:0,1,https://www.xcontest.org/world/en/flights-search/?filter[point]=15.4899%2047.41597&list[sort]=pts&list[dir]=down&filter[radius]=1000&list[num]=100,15.4899,47.41597
Hausberg,Austria,96.05 km,Jul Apr May,13,0,0,4,10,Jul:0 May:0 Apr:0 Sep:0 Oct:0 Jun:0,2,https://www.xcontest.org/world/en/flights-search/?filter[point]=12.314017%2047.501483&list[sort]=pts&list[dir]=down&filter[radius]=1000&list[num]=100,12.314017,47.501483
Hochwart,Austria,91.13 km,Apr Jun Aug Oct Sep Jul,12,0,0,1,3,Apr:0 Aug:0 Jun:0 Jul:0,3,https://www.xcontest.org/world/en/flights-search/?filter[point]=13.22552%2046.64667&list[sort]=pts&list[dir]=down&filter[radius]=1000&list[num]=100,13.22552,46.64667
Hohe Veitsch,Austria,19.99 km,Nov Aug Jan Oct Sep Feb Apr Jun,12,0,0,0,0,Nov:0 Oct:0 Feb:0 Sep:0 Jun:0 Aug:0,1,https://www.xcontest.org/world/en/flights-search/?filter[point]=15.40475%2047.64697&list[sort]=pts&list[dir]=down&filter[radius]=1000&list[num]=100,15.40475,47.64697
Bründlkogel,Austria,21.19 km,Sep Aug,12,0,0,0,1,Sep:0 Mar:0 Aug:0 Feb:0 May:0 Oct:0,1,https://www.xcontest.org/world/en/flights-search/?filter[point]=15.55468%2047.33443&list[sort]=pts&list[dir]=down&filter[radius]=1000&list[num]=100,15.55468,47.33443
Obermühlbach,Austria,35.78 km,Apr May Mar Nov Sep,11,0,0,0,2,Nov:0 Apr:0 May:0,1,https://www.xcontest.org/world/en/flights-search/?filter[point]=12.36035%2047.28475&list[sort]=pts&list[dir]=down&filter[radius]=1000&list[num]=100,12.36035,47.28475
Kitzeck,Austria,1.95 km,Dec Mar Aug Sep May,11,0,0,0,0,Mar:0 Dec:0 Sep:0 Aug:0 May:0,2,https://www.xcontest.org/world/en/flights-search/?filter[point]=15.46712%2046.77347&list[sort]=pts&list[dir]=down&filter[radius]=1000&list[num]=100,15.46712,46.77347
Wolf Haus,Austria,20.81 km,Jul Jun Aug Nov Oct May,11,0,0,0,1,Jul:0 Jun:0 Oct:0 Nov:0 Aug:0 May:0,3,https://www.xcontest.org/world/en/flights-search/?filter[point]=15.74995%2047.47855&list[sort]=pts&list[dir]=down&filter[radius]=1000&list[num]=100,15.74995,47.47855
Oberbergeralm,Austria,25.07 km,Oct Dec,11,0,0,0,2,Oct:0 Dec:0 Nov:0 Sep:0,1,https://www.xcontest.org/world/en/flights-search/?filter[point]=14.53097%2047.10783&list[sort]=pts&list[dir]=down&filter[radius]=1000&list[num]=100,14.53097,47.10783
Almspitzlift BS,Austria,63.18 km,Apr Jul Sep Jan,11,0,0,1,2,Jan:0 Mar:0 Feb:0,1,https://www.xcontest.org/world/en/flights-search/?filter[point]=12.3671%2046.902&list[sort]=pts&list[dir]=down&filter[radius]=1000&list[num]=100,12.3671,46.902
Singerberg,Austria,117.24 km,Jul,11,0,2,6,9,Jul:0 Jun:0 May:0,1,https://www.xcontest.org/world/en/flights-search/?filter[point]=14.2436%2046.5047&list[sort]=pts&list[dir]=down&filter[radius]=1000&list[num]=100,14.2436,46.5047
Königsberghorn,Austria,36.17 km,Jul,10,0,0,0,1,Jul:0 Sep:0 Dec:0 Nov:0,2,https://www.xcontest.org/world/en/flights-search/?filter[point]=13.33178%2047.70195&list[sort]=pts&list[dir]=down&filter[radius]=1000&list[num]=100,13.33178,47.70195
Pfaffenstein,Austria,19.37 km,Nov Jun Sep May Oct Jul,10,0,0,0,0,Sep:0 Nov:0 May:0 Oct:0 Jul:0 Jun:0,2,https://www.xcontest.org/world/en/flights-search/?filter[point]=14.91428%2047.56047&list[sort]=pts&list[dir]=down&filter[radius]=1000&list[num]=100,14.91428,47.56047
Wetterin,Austria,16.86 km,Sep Nov Jan Jun Dec,10,0,0,0,0,Jan:0 Nov:0 Dec:0 Sep:0 Jun:0,1,https://www.xcontest.org/world/en/flights-search/?filter[point]=15.3571%2047.68462&list[sort]=pts&list[dir]=down&filter[radius]=1000&list[num]=100,15.3571,47.68462
Edelweißspitze,Austria,72.79 km,Jun Oct Nov Jul Aug Sep,10,0,0,1,3,Nov:0 Jul:0 Jun:0,1,https://www.xcontest.org/world/en/flights-search/?filter[point]=12.828447%2047.11942&list[sort]=pts&list[dir]=down&filter[radius]=1000&list[num]=100,12.828447,47.11942
Große Scheibe,Austria,112.94 km,Apr Mar,9,0,2,3,4,Apr:0 Mar:0 Sep:0 May:0,2,https://www.xcontest.org/world/en/flights-search/?filter[point]=15.689343%2047.634727&list[sort]=pts&list[dir]=down&filter[radius]=1000&list[num]=100,15.689343,47.634727
Wankspitze,Austria,42.88 km,Sep Oct Nov Jun May,8,0,0,0,1,Jun:0 Nov:0 Oct:0,1,https://www.xcontest.org/world/en/flights-search/?filter[point]=10.942638%2047.335437&list[sort]=pts&list[dir]=down&filter[radius]=1000&list[num]=100,10.942638,47.335437
Schaabspitze,Austria,33.29 km,May Jun Aug,8,0,0,0,2,May:0 Jun:0 Aug:0,1,https://www.xcontest.org/world/en/flights-search/?filter[point]=14.1426%2047.42033&list[sort]=pts&list[dir]=down&filter[radius]=1000&list[num]=100,14.1426,47.42033
Almkopf,Austria,10.84 km,Dec Jul Jun Oct,8,0,0,0,1,Aug:0 Jun:0 Mar:0,3,https://www.xcontest.org/world/en/flights-search/?filter[point]=10.7679%2047.4165&list[sort]=pts&list[dir]=down&filter[radius]=1000&list[num]=100,10.7679,47.4165
Hinterstoder,Austria,111.79 km,Aug,7,0,1,1,2,Aug:0 Jun:0 Oct:0,1,https://www.xcontest.org/world/en/flights-search/?filter[point]=14.19717%2047.65962&list[sort]=pts&list[dir]=down&filter[radius]=1000&list[num]=100,14.19717,47.65962
Hochblaser,Austria,4.63 km,Jun,7,0,0,0,0,Jul:0 Jun:0 Oct:0 Apr:0 Sep:0 May:0 Nov:0,1,https://www.xcontest.org/world/en/flights-search/?filter[point]=14.82623%2047.53545&list[sort]=pts&list[dir]=down&filter[radius]=1000&list[num]=100,14.82623,47.53545
Brunnenkogel,Austria,96.22 km,Oct Apr Jan,6,0,0,1,5,Apr:0 Oct:0 Jan:0,2,https://www.xcontest.org/world/en/flights-search/?filter[point]=10.856783%2046.915567&list[sort]=pts&list[dir]=down&filter[radius]=1000&list[num]=100,10.856783,46.915567
Rittersberg,Austria,2.27 km,Jan Dec,6,0,0,0,0,Jan:0 Dec:0,1,https://www.xcontest.org/world/en/flights-search/?filter[point]=14.43733%2047.21812&list[sort]=pts&list[dir]=down&filter[radius]=1000&list[num]=100,14.43733,47.21812
Penzing-Kitz...,Austria,26.48 km,May Jun Aug,6,0,0,0,1,Jul:0,1,https://www.xcontest.org/world/en/flights-search/?filter[point]=12.4176%2047.4997&list[sort]=pts&list[dir]=down&filter[radius]=1000&list[num]=100,12.4176,47.4997
Bartholomäberg,Austria,87.4 km,Nov May Feb,5,0,0,1,1,Nov:0 Jun:0 Feb:0,1,https://www.xcontest.org/world/en/flights-search/?filter[point]=9.91913%2047.1122&list[sort]=pts&list[dir]=down&filter[radius]=1000&list[num]=100,9.91913,47.1122
Buchberg,Austria,3.5 km,Oct Aug Jun Apr,5,0,0,0,0,Apr:0 Oct:0 Aug:0 Jun:0,1,https://www.xcontest.org/world/en/flights-search/?filter[point]=13.116833%2047.95475&list[sort]=pts&list[dir]=down&filter[radius]=1000&list[num]=100,13.116833,47.95475
Kosiak,Austria,22.01 km,Sep Jul Feb Aug,5,0,0,0,1,Sep:0 Jul:0 Feb:0 Aug:0,1,https://www.xcontest.org/world/en/flights-search/?filter[point]=14.1811%2046.45327&list[sort]=pts&list[dir]=down&filter[radius]=1000&list[num]=100,14.1811,46.45327
Hochzeiger,Austria,18.53 km,Apr,2,0,0,0,0,Jul:0,1,https://www.xcontest.org/world/en/flights-search/?filter[point]=10.79902%2047.24477&list[sort]=pts&list[dir]=down&filter[radius]=1000&list[num]=100,10.79902,47.24477